Particle_ID,Time (s),X (m),Y (m),Z (m),Vx (m/s),Vy (m/s),Vz (m/s),Fx (N),Fy (N),Fz (N),ωx (rad/s),ωy (rad/s),ωz (rad/s),τx (pN·μm),τy (pN·μm),τz (pN·μm)
0,0.000000e+00,6.005562e-06,-1.909075e-09,3.606890e-08,1.112462e-05,-3.818150e-06,7.213780e-05,1.048593e-13,-3.605050e-14,6.799621e-13,0.000000e+00,0.000000e+00,-6.374384e-01,0.000000e+00,0.000000e+00,4.287223e-08
0,5.000000e-04,6.035887e-06,9.124702e-10,1.465507e-08,6.064984e-05,5.643090e-06,-4.282765e-05,5.716657e-13,5.313429e-14,-4.037675e-13,0.000000e+00,0.000000e+00,9.417768e-01,-0.000000e+00,0.000000e+00,4.284245e-08
0,1.000000e-03,6.024685e-06,-8.886937e-09,1.562648e-08,-2.240528e-05,-1.959881e-05,1.942820e-06,-2.112561e-13,-1.848033e-13,1.835988e-14,0.000000e+00,0.000000e+00,-3.247560e+00,0.000000e+00,0.000000e+00,4.312866e-08
0,1.500000e-03,6.032291e-06,-1.730991e-08,-1.018150e-08,1.521266e-05,-1.684594e-05,-5.161596e-05,1.434172e-13,-1.588273e-13,-4.865279e-13,0.000000e+00,0.000000e+00,-2.793498e+00,-0.000000e+00,0.000000e+00,4.304866e-08
0,2.000000e-03,6.015301e-06,-1.132742e-08,3.273280e-08,-3.398027e-05,1.196498e-05,8.582860e-05,-3.203108e-13,1.127379e-13,8.090666e-13,0.000000e+00,0.000000e+00,1.966234e+00,-0.000000e+00,0.000000e+00,4.310314e-08
0,2.500000e-03,6.017534e-06,-4.473227e-08,5.453960e-08,4.466531e-06,-6.680971e-05,4.361360e-05,4.213823e-14,-6.298143e-13,4.110020e-13,0.000000e+00,0.000000e+00,-1.110627e+01,-0.000000e+00,0.000000e+00,4.291200e-08
0,3.000000e-03,6.040014e-06,-3.549083e-08,6.728859e-08,4.495949e-05,1.848288e-05,2.549798e-05,4.237777e-13,1.742796e-13,2.402929e-13,0.000000e+00,0.000000e+00,3.126674e+00,0.000000e+00,0.000000e+00,7.895643e-09
0,3.500000e-03,6.059313e-06,-2.319610e-08,1.004748e-07,3.859873e-05,2.458946e-05,6.637237e-05,3.637774e-13,2.317457e-13,6.255898e-13,0.000000e+00,0.000000e+00,4.108306e+00,0.000000e+00,0.000000e+00,7.899396e-09
0,4.000000e-03,6.061074e-06,-1.096342e-08,7.570863e-08,3.520993e-06,2.446536e-05,-4.953230e-05,3.314597e-14,2.305693e-13,-4.669583e-13,0.000000e+00,0.000000e+00,4.039616e+00,0.000000e+00,0.000000e+00,7.924558e-09
0,4.500000e-03,6.066595e-06,-5.866811e-08,9.012684e-08,1.104295e-05,-9.540939e-05,2.883642e-05,1.040856e-13,-8.994049e-13,2.718631e-13,0.000000e+00,0.000000e+00,-1.573905e+01,-0.000000e+00,0.000000e+00,4.309853e-08
0,5.000000e-03,6.063718e-06,-4.027511e-08,7.210505e-08,-5.753718e-06,3.678600e-05,-3.604358e-05,-5.424609e-14,3.468340e-13,-3.397741e-13,0.000000e+00,0.000000e+00,6.053764e+00,0.000000e+00,0.000000e+00,7.934395e-09
0,5.500000e-03,6.044278e-06,-7.965078e-09,7.161278e-08,-3.888136e-05,6.462007e-05,-9.845429e-07,-3.664847e-13,6.090492e-13,-9.240548e-15,0.000000e+00,0.000000e+00,1.061359e+01,0.000000e+00,0.000000e+00,7.930436e-09
0,6.000000e-03,6.020825e-06,1.682733e-08,6.267206e-08,-4.690616e-05,4.958482e-05,-1.788143e-05,-4.420891e-13,4.672486e-13,-1.685471e-13,0.000000e+00,0.000000e+00,8.192290e+00,-0.000000e+00,0.000000e+00,4.297906e-08
0,6.500000e-03,6.038782e-06,3.003157e-08,4.471548e-08,3.591546e-05,2.640847e-05,-3.591316e-05,3.385865e-13,2.488077e-13,-3.384934e-13,0.000000e+00,0.000000e+00,4.368412e+00,0.000000e+00,0.000000e+00,4.281242e-08
0,7.000000e-03,6.020281e-06,3.231210e-08,1.344852e-08,-3.700348e-05,4.561055e-06,-6.253393e-05,-3.488289e-13,4.278420e-14,-5.893977e-13,0.000000e+00,0.000000e+00,7.826082e-01,0.000000e+00,0.000000e+00,1.262393e-07
0,7.500000e-03,6.052595e-06,1.534218e-08,1.184157e-08,6.462895e-05,-3.393983e-05,-3.213889e-06,6.092262e-13,-3.200967e-13,-3.022497e-14,0.000000e+00,0.000000e+00,-5.698191e+00,0.000000e+00,0.000000e+00,1.260570e-07
0,8.000000e-03,6.042419e-06,8.659266e-09,8.940023e-09,-2.035273e-05,-1.336583e-05,-5.803103e-06,-1.919132e-13,-1.260085e-13,-5.469580e-14,0.000000e+00,0.000000e+00,-2.200814e+00,0.000000e+00,0.000000e+00,4.324818e-08
0,8.500000e-03,6.012158e-06,-2.482966e-08,1.753975e-08,-6.052206e-05,-6.697785e-05,1.719946e-05,-5.704510e-13,-6.313714e-13,1.621263e-13,0.000000e+00,0.000000e+00,-1.107131e+01,0.000000e+00,0.000000e+00,4.317537e-08
0,9.000000e-03,5.999088e-06,-4.495572e-08,4.451576e-08,-2.613921e-05,-4.025212e-05,5.395202e-05,-2.463185e-13,-3.793491e-13,5.085262e-13,0.000000e+00,0.000000e+00,-6.713160e+00,0.000000e+00,0.000000e+00,7.901240e-09
0,9.500000e-03,6.015600e-06,-1.281860e-08,6.810288e-08,3.302422e-05,6.427424e-05,4.717425e-05,3.113109e-13,6.058741e-13,4.445994e-13,0.000000e+00,0.000000e+00,1.075445e+01,0.000000e+00,0.000000e+00,7.871443e-09
0,1.000000e-02,6.034199e-06,-4.230542e-08,4.462667e-08,3.719691e-05,-5.897363e-05,-4.695244e-05,3.505770e-13,-5.560097e-13,-4.426198e-13,0.000000e+00,0.000000e+00,-9.791301e+00,-0.000000e+00,0.000000e+00,4.277520e-08
0,1.050000e-02,6.018535e-06,-5.052642e-08,4.571244e-08,-3.132730e-05,-1.644200e-05,2.171554e-06,-2.953283e-13,-1.549267e-13,2.052043e-14,0.000000e+00,0.000000e+00,-2.761263e+00,0.000000e+00,0.000000e+00,7.917484e-09
0,1.100000e-02,5.995326e-06,-7.218928e-08,6.220807e-08,-4.641758e-05,-4.332572e-05,3.299125e-05,-4.374921e-13,-4.083761e-13,3.109690e-13,0.000000e+00,0.000000e+00,-7.263148e+00,0.000000e+00,0.000000e+00,7.897016e-09
0,1.150000e-02,5.952742e-06,-6.275130e-08,2.225158e-08,-8.516822e-05,1.887597e-05,-7.991298e-05,-8.027343e-13,1.779590e-13,-7.532862e-13,0.000000e+00,0.000000e+00,2.976767e+00,0.000000e+00,0.000000e+00,7.837949e-09
0,1.200000e-02,5.931508e-06,-4.561153e-08,1.786529e-08,-4.246788e-05,3.427952e-05,-8.772580e-06,-4.002196e-13,3.215538e-13,-8.260139e-14,0.000000e+00,0.000000e+00,5.655326e+00,0.000000e+00,0.000000e+00,1.072575e-06
0,1.250000e-02,5.919392e-06,-6.342321e-08,-4.032381e-09,-2.423234e-05,-3.562336e-05,-4.379534e-05,-2.283787e-13,-3.376754e-13,-4.127998e-13,0.000000e+00,0.000000e+00,-6.070044e+00,0.000000e+00,0.000000e+00,1.288168e-06
0,1.300000e-02,5.917912e-06,-7.783401e-08,-1.046673e-08,-2.959085e-06,-2.882160e-05,-1.286870e-05,-2.789972e-14,-2.748396e-13,-1.212507e-13,0.000000e+00,0.000000e+00,-4.931340e+00,0.000000e+00,0.000000e+00,2.223059e-06
0,1.350000e-02,5.892724e-06,-1.052408e-07,-2.725799e-08,-5.037759e-05,-5.481365e-05,-3.358251e-05,-4.748919e-13,-5.198449e-13,-3.165305e-13,0.000000e+00,0.000000e+00,-9.430212e+00,0.000000e+00,0.000000e+00,2.222568e-06
0,1.400000e-02,5.901016e-06,-1.068237e-07,-2.669639e-08,1.658496e-05,-3.165627e-06,1.123209e-06,1.563259e-13,-3.299114e-14,1.062416e-14,0.000000e+00,0.000000e+00,-5.446279e-01,0.000000e+00,0.000000e+00,2.215417e-06
0,1.450000e-02,5.886735e-06,-1.347021e-07,-3.980293e-08,-2.856282e-05,-5.575694e-05,-2.621309e-05,-2.693061e-13,-5.287672e-13,-2.470826e-13,0.000000e+00,0.000000e+00,-9.590957e+00,0.000000e+00,0.000000e+00,2.218544e-06
0,1.500000e-02,5.884594e-06,-1.523006e-07,-2.518379e-08,-4.282051e-06,-3.519695e-05,2.923827e-05,-4.040419e-14,-3.349130e-13,2.756252e-13,0.000000e+00,0.000000e+00,-6.050425e+00,0.000000e+00,0.000000e+00,2.213392e-06
0,1.550000e-02,5.876805e-06,-2.040358e-07,-2.012581e-08,-1.557765e-05,-1.034704e-04,1.011596e-05,-1.469088e-13,-9.783685e-13,9.531966e-14,0.000000e+00,0.000000e+00,-1.769600e+01,0.000000e+00,0.000000e+00,2.140870e-06
0,1.600000e-02,5.923030e-06,-1.956365e-07,4.361234e-08,9.244962e-05,1.679855e-05,1.274763e-04,8.713622e-13,1.563305e-13,1.201565e-12,0.000000e+00,0.000000e+00,3.362172e+00,0.000000e+00,0.000000e+00,1.462343e-06
0,1.650000e-02,5.927962e-06,-2.043126e-07,4.460274e-08,9.864733e-06,-1.735223e-05,1.980808e-06,9.285773e-14,-1.643167e-13,1.853068e-14,0.000000e+00,0.000000e+00,-2.884700e+00,0.000000e+00,0.000000e+00,5.120372e-07
0,1.700000e-02,5.910281e-06,-1.995680e-07,3.135234e-08,-3.536147e-05,9.489193e-06,-2.650079e-05,-3.333491e-13,8.872492e-14,-2.497954e-13,0.000000e+00,0.000000e+00,1.380290e+00,0.000000e+00,0.000000e+00,5.124884e-07
0,1.750000e-02,5.913590e-06,-1.683225e-07,5.003313e-08,6.617932e-06,6.249099e-05,3.736158e-05,6.231310e-14,5.858945e-13,3.521948e-13,0.000000e+00,0.000000e+00,1.054285e+01,0.000000e+00,0.000000e+00,2.164883e-06
0,1.800000e-02,5.913441e-06,-1.967067e-07,4.480320e-08,-2.974294e-07,-5.676823e-05,-1.045987e-05,-2.899119e-15,-5.382616e-13,-9.863454e-14,0.000000e+00,0.000000e+00,-9.648940e+00,0.000000e+00,0.000000e+00,2.148084e-06
0,1.850000e-02,5.902968e-06,-1.957438e-07,4.592063e-08,-2.094752e-05,1.925671e-06,2.234865e-06,-1.975525e-13,1.508602e-14,2.107707e-14,0.000000e+00,0.000000e+00,1.514691e-01,0.000000e+00,0.000000e+00,2.166004e-06
0,1.900000e-02,5.896953e-06,-1.926607e-07,7.736336e-08,-1.203036e-05,6.166200e-06,6.288546e-05,-1.134774e-13,5.499220e-14,5.927481e-13,0.000000e+00,0.000000e+00,9.197295e-01,0.000000e+00,0.000000e+00,2.162160e-06
0,1.950000e-02,5.898788e-06,-1.939636e-07,9.913110e-08,3.670835e-06,-2.605697e-06,4.353548e-05,3.451222e-14,-2.768519e-14,4.102910e-13,0.000000e+00,0.000000e+00,-4.771696e-01,0.000000e+00,0.000000e+00,2.152929e-06
0,2.000000e-02,5.918316e-06,-1.772947e-07,6.733234e-08,3.905602e-05,3.333774e-05,-6.359752e-05,3.680307e-13,3.111229e-13,-5.995103e-13,0.000000e+00,0.000000e+00,5.806930e+00,0.000000e+00,0.000000e+00,2.153614e-06
0,2.050000e-02,5.916107e-06,-1.738138e-07,7.414859e-08,-4.418457e-06,6.961783e-06,1.363250e-05,-4.178342e-14,6.249191e-14,1.285682e-13,0.000000e+00,0.000000e+00,1.097479e+00,0.000000e+00,0.000000e+00,2.142934e-06
0,2.100000e-02,5.892749e-06,-2.216448e-07,8.236304e-08,-4.671477e-05,-9.566199e-05,1.642890e-05,-4.404137e-13,-9.047982e-13,1.548418e-13,0.000000e+00,0.000000e+00,-1.644305e+01,0.000000e+00,0.000000e+00,2.142097e-06
0,2.150000e-02,5.882566e-06,-2.749940e-07,6.484946e-08,-2.036726e-05,-1.066984e-04,-3.502715e-05,-1.920385e-13,-1.008562e-12,-3.301797e-13,0.000000e+00,0.000000e+00,-1.826392e+01,0.000000e+00,0.000000e+00,2.030436e-06
0,2.200000e-02,5.880501e-06,-3.016361e-07,6.351748e-08,-4.130202e-06,-5.328424e-05,-2.663972e-06,-3.903743e-14,-5.048940e-13,-2.507176e-14,0.000000e+00,0.000000e+00,-9.120779e+00,0.000000e+00,0.000000e+00,1.904027e-06
0,2.250000e-02,5.882013e-06,-3.074724e-07,8.213025e-08,3.025699e-06,-1.167249e-05,3.722555e-05,2.838714e-14,-1.126410e-13,3.508864e-13,0.000000e+00,0.000000e+00,-2.001697e+00,0.000000e+00,0.000000e+00,1.845912e-06
0,2.300000e-02,5.879522e-06,-3.157710e-07,6.924268e-08,-4.982483e-06,-1.659722e-05,-2.577515e-05,-4.710748e-14,-1.591065e-13,-2.429944e-13,0.000000e+00,0.000000e+00,-2.906425e+00,0.000000e+00,0.000000e+00,1.846480e-06
0,2.350000e-02,5.866435e-06,-3.211978e-07,5.300229e-08,-2.617512e-05,-1.085363e-05,-3.248077e-05,-2.468755e-13,-1.052205e-13,-3.061314e-13,0.000000e+00,0.000000e+00,-2.132043e+00,0.000000e+00,0.000000e+00,2.023786e-06
0,2.400000e-02,5.870365e-06,-3.260508e-07,3.494648e-08,7.860592e-06,-9.706023e-06,-3.611163e-05,7.396062e-14,-9.441894e-14,-3.403481e-13,0.000000e+00,0.000000e+00,-1.629636e+00,0.000000e+00,0.000000e+00,2.025955e-06
0,2.450000e-02,5.846696e-06,-3.565270e-07,2.510069e-08,-4.733772e-05,-6.095235e-05,-1.969158e-05,-4.463716e-13,-5.774617e-13,-1.855707e-13,0.000000e+00,0.000000e+00,-1.085082e+01,0.000000e+00,0.000000e+00,2.027401e-06
0,2.500000e-02,5.854432e-06,-3.886651e-07,1.334437e-08,1.547113e-05,-6.427631e-05,-2.351264e-05,1.456961e-13,-6.088267e-13,-2.216056e-13,0.000000e+00,0.000000e+00,-1.084716e+01,0.000000e+00,0.000000e+00,2.082404e-06
0,2.550000e-02,5.841156e-06,-3.431886e-07,1.819866e-09,-2.655224e-05,9.095304e-05,-2.304900e-05,-2.505169e-13,8.540440e-13,-2.172312e-13,0.000000e+00,0.000000e+00,1.510731e+01,0.000000e+00,0.000000e+00,2.296983e-06
0,2.600000e-02,5.803847e-06,-3.276866e-07,1.675588e-08,-7.461633e-05,3.100409e-05,2.987203e-05,-7.034737e-13,2.891024e-13,2.815954e-13,0.000000e+00,0.000000e+00,4.486475e+00,0.000000e+00,0.000000e+00,2.083530e-06
0,2.650000e-02,5.799973e-06,-3.383356e-07,1.170243e-08,-7.749108e-06,-2.129798e-05,-1.010689e-05,-7.298730e-14,-2.012680e-13,-9.529914e-14,0.000000e+00,0.000000e+00,-3.741920e+00,0.000000e+00,0.000000e+00,3.281435e-07
0,2.700000e-02,5.828407e-06,-3.446052e-07,1.134843e-08,5.686882e-05,-1.253924e-05,-7.080063e-07,5.360190e-13,-1.186515e-13,-6.662468e-15,0.000000e+00,0.000000e+00,-1.593400e+00,0.000000e+00,0.000000e+00,3.279596e-07
0,2.750000e-02,5.821271e-06,-3.444897e-07,-1.686526e-08,-1.427313e-05,2.310050e-07,-5.642739e-05,-1.346348e-13,1.590086e-15,-5.318769e-13,0.000000e+00,0.000000e+00,-1.157322e-01,0.000000e+00,0.000000e+00,4.113384e-07
0,2.800000e-02,5.805179e-06,-3.709328e-07,-4.992109e-08,-3.218338e-05,-5.288624e-05,-6.611166e-05,-3.033765e-13,-4.991006e-13,-6.230983e-13,0.000000e+00,0.000000e+00,-9.390277e+00,0.000000e+00,0.000000e+00,4.108360e-07
0,2.850000e-02,5.791596e-06,-3.488060e-07,-7.363187e-08,-2.716496e-05,4.425363e-05,-4.742157e-05,-2.560566e-13,4.165865e-13,-4.469172e-13,0.000000e+00,0.000000e+00,7.283364e+00,0.000000e+00,0.000000e+00,4.098189e-07
0,2.900000e-02,5.812441e-06,-3.662442e-07,-8.107418e-08,4.168922e-05,-3.487641e-05,-1.488461e-05,3.928896e-13,-3.304128e-13,-1.402484e-13,0.000000e+00,0.000000e+00,-5.597917e+00,0.000000e+00,0.000000e+00,1.103982e-06
0,2.950000e-02,5.794459e-06,-3.865085e-07,-8.238375e-08,-3.596419e-05,-4.052856e-05,-2.619152e-06,-3.390777e-13,-3.825789e-13,-2.467144e-14,0.000000e+00,0.000000e+00,-7.344435e+00,0.000000e+00,0.000000e+00,4.096438e-07
0,3.000000e-02,5.774950e-06,-3.994058e-07,-9.002851e-08,-3.901786e-05,-2.579472e-05,-1.528952e-05,-3.678371e-13,-2.445784e-13,-1.441143e-13,0.000000e+00,0.000000e+00,-4.906256e+00,0.000000e+00,0.000000e+00,1.011295e-06
0,3.050000e-02,5.749078e-06,-3.952134e-07,-7.421261e-08,-5.174328e-05,8.384794e-06,3.163181e-05,-4.877856e-13,7.757758e-14,2.981744e-13,0.000000e+00,0.000000e+00,8.009992e-01,0.000000e+00,0.000000e+00,1.008057e-06
0,3.100000e-02,5.767678e-06,-3.992400e-07,-9.502064e-08,3.719857e-05,-8.053174e-06,-4.161606e-05,3.503882e-13,-8.025047e-14,-3.923027e-13,0.000000e+00,0.000000e+00,-1.031443e+00,0.000000e+00,0.000000e+00,2.928454e-06
0,3.150000e-02,5.768146e-06,-4.104168e-07,-8.367490e-08,9.361643e-07,-2.235362e-05,2.269147e-05,8.680490e-15,-2.121785e-13,2.139328e-13,0.000000e+00,0.000000e+00,-3.873320e+00,0.000000e+00,0.000000e+00,1.006792e-06
0,3.200000e-02,5.773670e-06,-4.256832e-07,-9.500644e-08,1.104831e-05,-3.053263e-05,-2.266308e-05,1.040333e-13,-2.892568e-13,-2.136444e-13,0.000000e+00,0.000000e+00,-5.158361e+00,0.000000e+00,0.000000e+00,1.007010e-06
0,3.250000e-02,5.775403e-06,-4.463984e-07,-1.156090e-07,3.465384e-06,-4.143058e-05,-4.120513e-05,3.255347e-14,-3.918244e-13,-3.883696e-13,0.000000e+00,0.000000e+00,-7.117563e+00,0.000000e+00,0.000000e+00,9.090042e-07
0,3.300000e-02,5.803741e-06,-4.346725e-07,-1.004057e-07,5.667638e-05,2.345183e-05,3.040670e-05,5.341177e-13,2.197660e-13,2.866551e-13,0.000000e+00,0.000000e+00,4.766030e+00,0.000000e+00,0.000000e+00,9.065755e-07
0,3.350000e-02,5.809825e-06,-4.570892e-07,-6.684352e-08,1.216787e-05,-4.483340e-05,6.712428e-05,1.145533e-13,-4.236511e-13,6.326719e-13,0.000000e+00,0.000000e+00,-7.544529e+00,0.000000e+00,0.000000e+00,7.041312e-07
0,3.400000e-02,5.820923e-06,-4.529593e-07,-6.183950e-08,2.219717e-05,8.259911e-06,1.000804e-05,2.091334e-13,7.687530e-14,9.426076e-14,0.000000e+00,0.000000e+00,1.692883e+00,0.000000e+00,0.000000e+00,7.050728e-07
0,3.450000e-02,5.810420e-06,-4.785690e-07,-7.204782e-08,-2.100717e-05,-5.121939e-05,-2.041664e-05,-1.981157e-13,-4.838278e-13,-1.924558e-13,0.000000e+00,0.000000e+00,-9.044156e+00,0.000000e+00,0.000000e+00,7.063724e-07
0,3.500000e-02,5.829101e-06,-4.813165e-07,-7.727434e-08,3.736214e-05,-5.495147e-06,-1.045305e-05,3.520886e-13,-5.301970e-14,-9.850672e-14,0.000000e+00,0.000000e+00,-4.366810e-01,0.000000e+00,0.000000e+00,8.756570e-07
0,3.550000e-02,5.790006e-06,-4.689995e-07,-9.523015e-08,-7.818939e-05,2.463402e-05,-3.591162e-05,-7.371503e-13,2.309239e-13,-3.384870e-13,0.000000e+00,0.000000e+00,3.074057e+00,0.000000e+00,0.000000e+00,8.784873e-07
0,3.600000e-02,5.780313e-06,-4.971056e-07,-1.022833e-07,-1.938576e-05,-5.621209e-05,-1.410638e-05,-1.827338e-13,-5.310113e-13,-1.329255e-13,0.000000e+00,0.000000e+00,-9.935435e+00,0.000000e+00,0.000000e+00,7.746017e-07
0,3.650000e-02,5.765028e-06,-5.104878e-07,-8.906868e-08,-3.056980e-05,-2.676440e-05,2.642932e-05,-2.882233e-13,-2.533480e-13,2.491350e-13,0.000000e+00,0.000000e+00,-5.068528e+00,0.000000e+00,0.000000e+00,7.711207e-07
0,3.700000e-02,5.787636e-06,-5.157508e-07,-1.107933e-07,4.521564e-05,-1.052612e-05,-4.344915e-05,4.261318e-13,-1.003052e-13,-4.095754e-13,0.000000e+00,0.000000e+00,-1.143107e+00,0.000000e+00,0.000000e+00,7.590852e-07
0,3.750000e-02,5.743205e-06,-5.213202e-07,-1.433942e-07,-8.886283e-05,-1.113868e-05,-6.520198e-05,-8.377591e-13,-1.060932e-13,-6.145381e-13,0.000000e+00,0.000000e+00,-3.287249e+00,0.000000e+00,0.000000e+00,7.596323e-07
0,3.800000e-02,5.764221e-06,-4.925949e-07,-1.286640e-07,4.203158e-05,5.745063e-05,2.946052e-05,3.958908e-13,5.372230e-13,2.777630e-13,0.000000e+00,0.000000e+00,1.050072e+01,0.000000e+00,0.000000e+00,2.921283e-06
0,3.850000e-02,5.760933e-06,-4.979940e-07,-1.612614e-07,-6.574229e-06,-1.079820e-05,-6.519492e-05,-6.211083e-14,-1.029776e-13,-6.145517e-13,0.000000e+00,0.000000e+00,-1.977326e+00,0.000000e+00,0.000000e+00,7.689383e-07
0,3.900000e-02,5.732092e-06,-4.927724e-07,-1.791694e-07,-5.768356e-05,1.044313e-05,-3.581588e-05,-5.438083e-13,9.732128e-14,-3.375244e-13,0.000000e+00,0.000000e+00,9.194371e-01,0.000000e+00,0.000000e+00,7.648348e-07
0,3.950000e-02,5.721230e-06,-4.801416e-07,-1.795643e-07,-2.172432e-05,2.526163e-05,-7.898426e-07,-2.050666e-13,2.339227e-13,-7.405578e-15,0.000000e+00,0.000000e+00,3.973957e+00,0.000000e+00,0.000000e+00,2.823441e-06
0,4.000000e-02,5.700776e-06,-5.278065e-07,-2.146873e-07,-4.090753e-05,-9.532991e-05,-7.024600e-05,-3.859162e-13,-9.027754e-13,-6.621293e-13,0.000000e+00,0.000000e+00,-1.721932e+01,0.000000e+00,0.000000e+00,2.817604e-06
0,4.050000e-02,5.689138e-06,-5.204215e-07,-1.931763e-07,-2.327640e-05,1.477008e-05,4.302204e-05,-2.197109e-13,1.354870e-13,4.055978e-13,0.000000e+00,0.000000e+00,2.122617e+00,0.000000e+00,0.000000e+00,2.582546e-06
0,4.100000e-02,5.649061e-06,-5.278272e-07,-1.490271e-07,-8.015401e-05,-1.481142e-05,8.829845e-05,-7.558475e-13,-1.434659e-13,8.322430e-13,0.000000e+00,0.000000e+00,-3.931553e+00,0.000000e+00,0.000000e+00,2.577013e-06
0,4.150000e-02,5.658834e-06,-5.228193e-07,-1.462016e-07,1.954743e-05,1.001579e-05,5.650878e-06,1.840394e-13,9.120844e-14,5.316740e-14,0.000000e+00,0.000000e+00,2.017788e+00,0.000000e+00,0.000000e+00,2.144037e-06
0,4.200000e-02,5.658908e-06,-5.240979e-07,-1.587237e-07,1.467117e-07,-2.557270e-06,-2.504419e-05,1.064288e-15,-2.733129e-14,-2.360697e-13,0.000000e+00,0.000000e+00,-5.059963e-01,0.000000e+00,0.000000e+00,2.147540e-06
0,4.250000e-02,5.647998e-06,-5.435612e-07,-1.896572e-07,-2.181875e-05,-3.892658e-05,-6.186693e-05,-2.059588e-13,-3.701300e-13,-5.831226e-13,0.000000e+00,0.000000e+00,-7.234653e+00,0.000000e+00,0.000000e+00,2.147612e-06
0,4.300000e-02,5.689281e-06,-5.400783e-07,-1.922564e-07,8.256509e-05,6.965795e-06,-5.198456e-06,7.779568e-13,6.242295e-14,-4.893199e-14,0.000000e+00,0.000000e+00,2.554383e+00,0.000000e+00,0.000000e+00,2.186894e-06
0,4.350000e-02,5.678866e-06,-5.675229e-07,-2.011702e-07,-2.083020e-05,-5.488916e-05,-1.782767e-05,-1.967980e-13,-5.212240e-13,-1.680357e-13,0.000000e+00,0.000000e+00,-9.977683e+00,0.000000e+00,0.000000e+00,2.577900e-06
0,4.400000e-02,5.687816e-06,-5.283330e-07,-1.836242e-07,1.790143e-05,7.837980e-05,3.509211e-05,1.684321e-13,7.355812e-13,3.307935e-13,0.000000e+00,0.000000e+00,1.391622e+01,0.000000e+00,0.000000e+00,2.199635e-06
0,4.450000e-02,5.667765e-06,-5.578392e-07,-2.284536e-07,-4.010350e-05,-5.901240e-05,-8.965874e-05,-3.783869e-13,-5.601684e-13,-8.451509e-13,0.000000e+00,0.000000e+00,-1.100741e+01,0.000000e+00,0.000000e+00,2.576747e-06
0,4.500000e-02,5.651345e-06,-5.351286e-07,-2.645160e-07,-3.283879e-05,4.542128e-05,-7.212483e-05,-3.098103e-13,4.249488e-13,-6.797413e-13,0.000000e+00,0.000000e+00,7.311429e+00,0.000000e+00,0.000000e+00,2.177285e-06
0,4.550000e-02,5.647604e-06,-5.273415e-07,-2.827692e-07,-7.483462e-06,1.557415e-05,-3.650652e-05,-7.079921e-14,1.436123e-13,-3.440266e-13,0.000000e+00,0.000000e+00,2.548162e+00,0.000000e+00,0.000000e+00,2.093607e-06
0,4.600000e-02,5.632925e-06,-5.386687e-07,-2.617569e-07,-2.935769e-05,-2.265441e-05,4.202462e-05,-2.770067e-13,-2.166930e-13,3.961590e-13,0.000000e+00,0.000000e+00,-4.516799e+00,0.000000e+00,0.000000e+00,2.091965e-06
0,4.650000e-02,5.627028e-06,-5.161672e-07,-2.622645e-07,-1.179243e-05,4.500296e-05,-1.015175e-06,-1.116592e-13,4.185971e-13,-9.615128e-15,0.000000e+00,0.000000e+00,7.612638e+00,0.000000e+00,0.000000e+00,3.738441e-06
0,4.700000e-02,5.615788e-06,-5.425551e-07,-2.350509e-07,-2.248049e-05,-5.277568e-05,5.442732e-05,-2.124011e-13,-5.031287e-13,5.130263e-13,0.000000e+00,0.000000e+00,-9.770112e+00,0.000000e+00,0.000000e+00,3.733176e-06
0,4.750000e-02,5.633064e-06,-5.717757e-07,-2.116375e-07,3.455242e-05,-5.844136e-05,4.682679e-05,3.251516e-13,-5.565995e-13,4.413237e-13,0.000000e+00,0.000000e+00,-9.830952e+00,0.000000e+00,0.000000e+00,3.844728e-06
0,4.800000e-02,5.629389e-06,-5.648995e-07,-2.000992e-07,-7.351596e-06,1.375255e-05,2.307647e-05,-6.992612e-14,1.238532e-13,2.174645e-13,0.000000e+00,0.000000e+00,2.175375e+00,0.000000e+00,0.000000e+00,3.889817e-06
0,4.850000e-02,5.639155e-06,-5.550616e-07,-1.893304e-07,1.953246e-05,1.967578e-05,2.153758e-05,1.835324e-13,1.796047e-13,2.029852e-13,0.000000e+00,0.000000e+00,3.694964e+00,0.000000e+00,0.000000e+00,3.886830e-06
0,4.900000e-02,5.625829e-06,-5.909671e-07,-1.869248e-07,-2.665211e-05,-7.181112e-05,4.811193e-06,-2.515636e-13,-6.801824e-13,4.532604e-14,0.000000e+00,0.000000e+00,-1.313459e+01,0.000000e+00,0.000000e+00,2.183931e-06
0,4.950000e-02,5.645634e-06,-5.999929e-07,-1.705952e-07,3.961042e-05,-1.805150e-05,3.265934e-05,3.727563e-13,-1.761262e-13,3.078377e-13,0.000000e+00,0.000000e+00,-2.556294e+00,0.000000e+00,0.000000e+00,4.029388e-06
0,5.000000e-02,5.633430e-06,-5.823460e-07,-1.915000e-07,-2.440767e-05,3.529376e-05,-4.180959e-05,-2.304723e-13,3.292595e-13,-3.941279e-13,0.000000e+00,0.000000e+00,5.662818e+00,0.000000e+00,0.000000e+00,2.294870e-06
0,5.050000e-02,5.628629e-06,-5.879541e-07,-2.031085e-07,-9.602914e-06,-1.121622e-05,-2.321707e-05,-9.111497e-14,-1.118165e-13,-2.187953e-13,0.000000e+00,0.000000e+00,-2.258339e+00,0.000000e+00,0.000000e+00,4.034137e-06
0,5.100000e-02,5.593892e-06,-6.084538e-07,-1.996869e-07,-6.947367e-05,-4.099936e-05,6.843107e-06,-6.554721e-13,-3.924969e-13,6.452781e-14,0.000000e+00,0.000000e+00,-8.594966e+00,0.000000e+00,0.000000e+00,4.031148e-06
0,5.150000e-02,5.602580e-06,-5.954518e-07,-2.094342e-07,1.737694e-05,2.600408e-05,-1.949450e-05,1.631982e-13,2.389871e-13,-1.837602e-13,0.000000e+00,0.000000e+00,4.811235e+00,0.000000e+00,0.000000e+00,4.086195e-06
0,5.200000e-02,5.587158e-06,-5.929363e-07,-2.060482e-07,-3.084392e-05,5.030966e-06,6.772021e-06,-2.913934e-13,4.133971e-14,6.385367e-14,0.000000e+00,0.000000e+00,1.947457e-01,0.000000e+00,0.000000e+00,4.013255e-06
0,5.250000e-02,5.635849e-06,-5.973589e-07,-2.065336e-07,9.738158e-05,-8.845135e-06,-9.708543e-07,9.172859e-13,-8.954960e-14,-9.158600e-15,0.000000e+00,0.000000e+00,1.464437e-01,0.000000e+00,0.000000e+00,4.080129e-06
0,5.300000e-02,5.638787e-06,-6.273262e-07,-2.051817e-07,5.875513e-06,-5.993472e-05,2.703717e-06,5.463318e-14,-5.709810e-13,2.548597e-14,0.000000e+00,0.000000e+00,-1.052108e+01,0.000000e+00,0.000000e+00,4.036964e-06
0,5.350000e-02,5.639099e-06,-6.584286e-07,-2.151197e-07,6.232134e-07,-6.220469e-05,-1.987593e-05,5.173138e-15,-5.925126e-13,-1.873511e-13,0.000000e+00,0.000000e+00,-1.100205e+01,0.000000e+00,0.000000e+00,4.171408e-06
0,5.400000e-02,5.648577e-06,-6.505312e-07,-2.286478e-07,1.895718e-05,1.579473e-05,-2.705616e-05,1.782808e-13,1.454656e-13,-2.550062e-13,0.000000e+00,0.000000e+00,3.084992e+00,0.000000e+00,0.000000e+00,2.328975e-06
0,5.450000e-02,5.626620e-06,-6.534443e-07,-1.932589e-07,-4.391375e-05,-5.826193e-06,7.077781e-05,-4.143443e-13,-5.838893e-14,6.671727e-13,0.000000e+00,0.000000e+00,-1.966452e+00,0.000000e+00,0.000000e+00,2.313630e-06
0,5.500000e-02,5.604404e-06,-6.306530e-07,-2.032227e-07,-4.443261e-05,4.558250e-05,-1.992772e-05,-4.194929e-13,4.234203e-13,-1.879141e-13,0.000000e+00,0.000000e+00,6.970842e+00,0.000000e+00,0.000000e+00,4.164689e-06
0,5.550000e-02,5.611070e-06,-6.321165e-07,-2.320668e-07,1.333154e-05,-2.926969e-06,-5.768812e-05,1.250077e-13,-3.388296e-14,-5.437392e-13,0.000000e+00,0.000000e+00,-3.695920e-01,0.000000e+00,0.000000e+00,4.146557e-06
0,5.600000e-02,5.622108e-06,-6.353659e-07,-2.428754e-07,2.207572e-05,-6.498750e-06,-2.161725e-05,2.073707e-13,-6.744633e-14,-2.036981e-13,0.000000e+00,0.000000e+00,-8.231162e-01,0.000000e+00,0.000000e+00,4.118024e-06
0,5.650000e-02,5.593039e-06,-6.374653e-07,-2.317949e-07,-5.813808e-05,-4.198736e-06,2.216114e-05,-5.487265e-13,-4.576259e-14,2.089120e-13,0.000000e+00,0.000000e+00,-2.008188e+00,0.000000e+00,0.000000e+00,4.126289e-06
0,5.700000e-02,5.573336e-06,-6.412127e-07,-2.215427e-07,-3.940492e-05,-7.494954e-06,2.050423e-05,-3.720758e-13,-7.690444e-14,1.932460e-13,0.000000e+00,0.000000e+00,-2.234351e+00,0.000000e+00,0.000000e+00,4.152098e-06
0,5.750000e-02,5.578614e-06,-6.304990e-07,-1.977932e-07,1.055677e-05,2.142749e-05,4.749902e-05,9.882971e-14,1.957195e-13,4.476974e-13,0.000000e+00,0.000000e+00,3.890301e+00,0.000000e+00,0.000000e+00,4.137974e-06
0,5.800000e-02,5.589104e-06,-6.613695e-07,-2.350885e-07,2.097927e-05,-6.174108e-05,-7.459061e-05,1.970228e-13,-5.883015e-13,-7.031342e-13,0.000000e+00,0.000000e+00,-1.062828e+01,0.000000e+00,0.000000e+00,4.174657e-06
0,5.850000e-02,5.596362e-06,-6.460056e-07,-2.402649e-07,1.451637e-05,3.072782e-05,-1.035270e-05,1.360658e-13,2.834452e-13,-9.750130e-14,0.000000e+00,0.000000e+00,5.606169e+00,0.000000e+00,0.000000e+00,4.151249e-06
0,5.900000e-02,5.617504e-06,-6.516096e-07,-2.201210e-07,4.228317e-05,-1.120792e-05,4.028784e-05,3.978172e-13,-1.119398e-13,3.797597e-13,0.000000e+00,0.000000e+00,-1.234397e+00,0.000000e+00,0.000000e+00,4.155251e-06
0,5.950000e-02,5.602789e-06,-6.661854e-07,-2.202585e-07,-2.942912e-05,-2.915158e-05,-2.750986e-07,-2.781657e-13,-2.810082e-13,-2.637344e-15,0.000000e+00,0.000000e+00,-5.838009e+00,0.000000e+00,0.000000e+00,4.157876e-06
0,6.000000e-02,5.607880e-06,-6.724943e-07,-2.006489e-07,1.018166e-05,-1.261778e-05,3.921920e-05,9.524415e-14,-1.252873e-13,3.696757e-13,0.000000e+00,0.000000e+00,-2.128511e+00,0.000000e+00,0.000000e+00,4.245900e-06
0,6.050000e-02,5.593885e-06,-6.595588e-07,-2.252975e-07,-2.799022e-05,2.587096e-05,-4.929725e-05,-2.646093e-13,2.374853e-13,-4.647129e-13,0.000000e+00,0.000000e+00,3.837067e+00,0.000000e+00,0.000000e+00,4.250267e-06
0,6.100000e-02,5.589066e-06,-6.509169e-07,-2.058681e-07,-9.638699e-06,1.728388e-05,3.885885e-05,-9.156049e-14,1.566276e-13,3.663330e-13,0.000000e+00,0.000000e+00,2.728320e+00,0.000000e+00,0.000000e+00,4.154595e-06
0,6.150000e-02,5.568975e-06,-6.755409e-07,-2.409221e-07,-4.018119e-05,-4.924812e-05,-7.010788e-05,-3.794674e-13,-4.705375e-13,-6.608710e-13,0.000000e+00,0.000000e+00,-9.639479e+00,0.000000e+00,0.000000e+00,4.184109e-06
0,6.200000e-02,5.572077e-06,-6.465483e-07,-2.355670e-07,6.203990e-06,5.798517e-05,1.071013e-05,5.774418e-14,5.402012e-13,1.010294e-13,0.000000e+00,0.000000e+00,1.027218e+01,0.000000e+00,0.000000e+00,4.241554e-06
0,6.250000e-02,5.560953e-06,-6.735855e-07,-2.453923e-07,-2.224810e-05,-5.407442e-05,-1.965051e-05,-2.104412e-13,-5.160236e-13,-1.852351e-13,0.000000e+00,0.000000e+00,-1.015196e+01,0.000000e+00,0.000000e+00,4.137503e-06
0,6.300000e-02,5.560492e-06,-6.933857e-07,-2.625606e-07,-9.216311e-07,-3.960025e-05,-3.433661e-05,-9.439646e-15,-3.796218e-13,-3.236311e-13,0.000000e+00,0.000000e+00,-7.160309e+00,0.000000e+00,0.000000e+00,4.235355e-06
0,6.350000e-02,5.565245e-06,-6.718766e-07,-2.746736e-07,9.505776e-06,4.301805e-05,-2.422600e-05,8.880955e-14,3.991771e-13,-2.283136e-13,0.000000e+00,0.000000e+00,7.706687e+00,0.000000e+00,0.000000e+00,4.195814e-06
0,6.400000e-02,5.567077e-06,-6.579213e-07,-2.795178e-07,3.664690e-06,2.791069e-05,-9.688580e-06,3.376557e-14,2.566831e-13,-9.129673e-14,0.000000e+00,0.000000e+00,4.900392e+00,0.000000e+00,0.000000e+00,4.197384e-06
0,6.450000e-02,5.612624e-06,-6.612645e-07,-2.609198e-07,9.109408e-05,-6.686484e-06,3.719608e-05,8.579051e-13,-6.925542e-14,3.506164e-13,0.000000e+00,0.000000e+00,6.044939e-01,0.000000e+00,0.000000e+00,4.094783e-06
0,6.500000e-02,5.595464e-06,-6.698334e-07,-2.490881e-07,-3.432121e-05,-1.713765e-05,2.366340e-05,-3.243369e-13,-1.677196e-13,2.230074e-13,0.000000e+00,0.000000e+00,-3.839192e+00,0.000000e+00,0.000000e+00,4.121584e-06
0,6.550000e-02,5.616810e-06,-6.917999e-07,-2.805415e-07,4.269132e-05,-4.393302e-05,-6.290673e-05,4.016729e-13,-4.205039e-13,-5.929772e-13,0.000000e+00,0.000000e+00,-6.961814e+00,0.000000e+00,0.000000e+00,4.260922e-06
0,6.600000e-02,5.623395e-06,-7.152636e-07,-3.243581e-07,1.317125e-05,-4.692752e-05,-8.763335e-05,1.233314e-13,-4.485545e-13,-8.259520e-13,0.000000e+00,0.000000e+00,-8.063906e+00,0.000000e+00,0.000000e+00,4.183401e-06
0,6.650000e-02,5.605820e-06,-6.716474e-07,-2.785568e-07,-3.515025e-05,8.723240e-05,9.160261e-05,-3.321539e-13,8.158670e-13,8.635314e-13,0.000000e+00,0.000000e+00,1.436180e+01,0.000000e+00,0.000000e+00,4.297218e-06
0,6.700000e-02,5.609593e-06,-6.819698e-07,-2.999219e-07,7.545247e-06,-2.064471e-05,-4.273009e-05,7.040774e-14,-2.009626e-13,-4.028693e-13,0.000000e+00,0.000000e+00,-3.590331e+00,0.000000e+00,0.000000e+00,4.173540e-06
0,6.750000e-02,5.615303e-06,-6.790119e-07,-3.103675e-07,1.142087e-05,5.915795e-06,-2.089129e-05,1.068811e-13,4.951335e-14,-1.968718e-13,0.000000e+00,0.000000e+00,1.164538e+00,0.000000e+00,0.000000e+00,4.177223e-06
0,6.800000e-02,5.635294e-06,-7.029689e-07,-3.130787e-07,3.998242e-05,-4.791393e-05,-5.422399e-06,3.761070e-13,-4.578380e-13,-5.108790e-14,0.000000e+00,0.000000e+00,-7.678337e+00,0.000000e+00,0.000000e+00,4.133959e-06
0,6.850000e-02,5.644804e-06,-7.150878e-07,-2.896419e-07,1.901964e-05,-2.423784e-05,4.687368e-05,1.784309e-13,-2.348387e-13,4.418315e-13,0.000000e+00,0.000000e+00,-3.941627e+00,0.000000e+00,0.000000e+00,4.305003e-06
0,6.900000e-02,5.682597e-06,-6.983327e-07,-2.722147e-07,7.558505e-05,3.351009e-05,3.485446e-05,7.119705e-13,3.122258e-13,3.284823e-13,0.000000e+00,0.000000e+00,7.443332e+00,0.000000e+00,0.000000e+00,2.458188e-06
0,6.950000e-02,5.678158e-06,-7.010484e-07,-2.758377e-07,-8.877183e-06,-5.431319e-06,-7.246121e-06,-8.429132e-14,-5.556876e-14,-6.833937e-14,0.000000e+00,0.000000e+00,-1.211649e+00,0.000000e+00,0.000000e+00,2.927256e-06
0,7.000000e-02,5.674098e-06,-6.915039e-07,-2.879548e-07,-8.119474e-06,1.908900e-05,-2.423415e-05,-7.695727e-14,1.764224e-13,-2.284201e-13,0.000000e+00,0.000000e+00,3.071798e+00,0.000000e+00,0.000000e+00,2.370366e-06
0,7.050000e-02,5.676486e-06,-6.751868e-07,-2.727468e-07,4.776155e-06,3.263412e-05,3.041597e-05,4.460003e-14,3.040694e-13,2.867239e-13,0.000000e+00,0.000000e+00,5.702612e+00,0.000000e+00,0.000000e+00,2.368215e-06
0,7.100000e-02,5.665318e-06,-6.677166e-07,-2.946671e-07,-2.233672e-05,1.494056e-05,-4.384057e-05,-2.109667e-13,1.372760e-13,-4.132692e-13,0.000000e+00,0.000000e+00,2.068067e+00,0.000000e+00,0.000000e+00,2.368389e-06
0,7.150000e-02,5.639530e-06,-6.651749e-07,-2.879950e-07,-5.157624e-05,5.083243e-06,1.334426e-05,-4.865412e-13,4.438120e-14,1.258295e-13,0.000000e+00,0.000000e+00,-2.391693e-01,0.000000e+00,0.000000e+00,2.363430e-06
0,7.200000e-02,5.646995e-06,-6.789041e-07,-2.949858e-07,1.493110e-05,-2.745832e-05,-1.398170e-05,1.403807e-13,-2.623406e-13,-1.318045e-13,0.000000e+00,0.000000e+00,-4.560251e+00,0.000000e+00,0.000000e+00,2.352696e-06
0,7.250000e-02,5.636108e-06,-6.534429e-07,-2.814829e-07,-2.177583e-05,5.092234e-05,2.700574e-05,-2.056954e-13,4.765026e-13,2.545682e-13,0.000000e+00,0.000000e+00,8.366074e+00,0.000000e+00,0.000000e+00,2.356440e-06
0,7.300000e-02,5.641361e-06,-6.391966e-07,-2.768689e-07,1.050612e-05,2.849274e-05,9.228153e-06,9.834252e-14,2.623820e-13,8.695374e-14,0.000000e+00,0.000000e+00,5.086185e+00,0.000000e+00,0.000000e+00,4.097868e-06
0,7.350000e-02,5.620516e-06,-6.697646e-07,-2.759056e-07,-4.168869e-05,-6.113600e-05,1.926626e-06,-3.933518e-13,-5.797136e-13,1.814999e-14,0.000000e+00,0.000000e+00,-1.159078e+01,0.000000e+00,0.000000e+00,2.287821e-06
0,7.400000e-02,5.593313e-06,-6.600037e-07,-2.733081e-07,-5.440701e-05,1.952165e-05,5.194933e-06,-5.135355e-13,1.778031e-13,4.896468e-14,0.000000e+00,0.000000e+00,2.168883e+00,0.000000e+00,0.000000e+00,4.184162e-06
0,7.450000e-02,5.637071e-06,-6.705822e-07,-2.251490e-07,8.751658e-05,-2.115702e-05,9.631819e-05,8.242489e-13,-2.056440e-13,9.078778e-13,0.000000e+00,0.000000e+00,-2.027263e+00,0.000000e+00,0.000000e+00,4.113992e-06
0,7.500000e-02,5.645794e-06,-6.677620e-07,-2.138323e-07,1.744606e-05,5.640380e-06,2.263336e-05,1.635946e-13,4.685443e-14,2.132334e-13,0.000000e+00,0.000000e+00,1.230438e+00,0.000000e+00,0.000000e+00,4.237412e-06
0,7.550000e-02,5.597010e-06,-6.572711e-07,-1.982568e-07,-9.756905e-05,2.098189e-05,3.115098e-05,-9.201164e-13,1.941871e-13,2.936004e-13,0.000000e+00,0.000000e+00,1.582029e+00,0.000000e+00,0.000000e+00,2.397790e-06
0,7.600000e-02,5.598028e-06,-6.170275e-07,-2.142831e-07,2.036738e-06,8.048729e-05,-3.205263e-05,1.856420e-14,7.523292e-13,-3.021584e-13,0.000000e+00,0.000000e+00,1.410732e+01,0.000000e+00,0.000000e+00,4.190525e-06
0,7.650000e-02,5.573292e-06,-5.833385e-07,-2.250207e-07,-4.947167e-05,6.737794e-05,-2.147517e-05,-4.669961e-13,6.288394e-13,-2.023871e-13,0.000000e+00,0.000000e+00,1.081226e+01,0.000000e+00,0.000000e+00,4.089858e-06
0,7.700000e-02,5.562262e-06,-5.895938e-07,-2.490055e-07,-2.206090e-05,-1.251061e-05,-4.796952e-05,-2.085297e-13,-1.241195e-13,-4.521312e-13,0.000000e+00,0.000000e+00,-2.746768e+00,0.000000e+00,0.000000e+00,4.036525e-06
0,7.750000e-02,5.569425e-06,-5.887698e-07,-2.447959e-07,1.432755e-05,1.648009e-06,8.419255e-06,1.344251e-13,9.426702e-15,7.941161e-14,0.000000e+00,0.000000e+00,4.462479e-01,0.000000e+00,0.000000e+00,4.029095e-06
0,7.800000e-02,5.563856e-06,-5.698733e-07,-2.754799e-07,-1.113963e-05,3.779293e-05,-6.136818e-05,-1.056636e-13,3.501085e-13,-5.784582e-13,0.000000e+00,0.000000e+00,6.385081e+00,0.000000e+00,0.000000e+00,4.034164e-06
0,7.850000e-02,5.565206e-06,-5.894476e-07,-2.438481e-07,2.701281e-06,-3.914850e-05,6.326369e-05,2.487925e-14,-3.748592e-13,5.963833e-13,0.000000e+00,0.000000e+00,-7.024717e+00,0.000000e+00,0.000000e+00,3.821776e-06
0,7.900000e-02,5.563699e-06,-6.182081e-07,-2.332135e-07,-3.014123e-06,-5.752104e-05,2.126914e-05,-2.906204e-14,-5.482643e-13,2.004108e-13,0.000000e+00,0.000000e+00,-1.039458e+01,0.000000e+00,0.000000e+00,4.031193e-06
0,7.950000e-02,5.591773e-06,-6.109692e-07,-2.677754e-07,5.614764e-05,1.447784e-05,-6.912371e-05,5.285643e-13,1.304119e-13,-6.515750e-13,0.000000e+00,0.000000e+00,3.561474e+00,0.000000e+00,0.000000e+00,4.032349e-06
0,8.000000e-02,5.586773e-06,-6.007736e-07,-2.596299e-07,-1.000089e-05,2.039112e-05,1.629103e-05,-9.499105e-14,1.861284e-13,1.536332e-13,0.000000e+00,0.000000e+00,3.295526e+00,0.000000e+00,0.000000e+00,4.012647e-06
0,8.050000e-02,5.581611e-06,-5.931811e-07,-2.779927e-07,-1.032369e-05,1.518497e-05,-3.672574e-05,-9.795702e-14,1.369891e-13,-3.461903e-13,0.000000e+00,0.000000e+00,2.374291e+00,0.000000e+00,0.000000e+00,4.047506e-06
0,8.100000e-02,5.567277e-06,-6.105798e-07,-2.643005e-07,-2.866754e-05,-3.479735e-05,2.738458e-05,-2.708496e-13,-3.340739e-13,2.581641e-13,0.000000e+00,0.000000e+00,-6.819611e+00,0.000000e+00,0.000000e+00,4.004080e-06
0,8.150000e-02,5.574372e-06,-6.017726e-07,-2.883481e-07,1.418964e-05,1.761447e-05,-4.809533e-05,1.331167e-13,1.600107e-13,-4.533708e-13,0.000000e+00,0.000000e+00,3.287064e+00,0.000000e+00,0.000000e+00,3.995247e-06
0,8.200000e-02,5.561492e-06,-5.412998e-07,-2.929827e-07,-2.575931e-05,1.209456e-04,-9.269152e-06,-2.434739e-13,1.133938e-12,-8.731700e-14,0.000000e+00,0.000000e+00,2.083832e+01,0.000000e+00,0.000000e+00,3.999598e-06
0,8.250000e-02,5.550643e-06,-5.497737e-07,-3.001343e-07,-2.169808e-05,-1.694785e-05,-1.430319e-05,-2.050550e-13,-1.656333e-13,-1.348099e-13,0.000000e+00,0.000000e+00,-3.504652e+00,0.000000e+00,0.000000e+00,3.779096e-06
0,8.300000e-02,5.511785e-06,-5.225066e-07,-2.869509e-07,-7.771564e-05,5.453420e-05,2.636677e-05,-7.331758e-13,5.073715e-13,2.485457e-13,0.000000e+00,0.000000e+00,8.228421e+00,0.000000e+00,0.000000e+00,4.381633e-06
0,8.350000e-02,5.502908e-06,-5.358698e-07,-2.832722e-07,-1.775410e-05,-2.672634e-05,7.357377e-06,-1.681645e-13,-2.614948e-13,6.932074e-14,0.000000e+00,0.000000e+00,-5.291549e+00,0.000000e+00,0.000000e+00,6.193302e-06
0,8.400000e-02,5.481435e-06,-5.736337e-07,-3.087503e-07,-4.294619e-05,-7.552779e-05,-5.095620e-05,-4.057124e-13,-7.213994e-13,-4.803150e-13,0.000000e+00,0.000000e+00,-1.453238e+01,0.000000e+00,0.000000e+00,6.184847e-06
0,8.450000e-02,5.462741e-06,-5.680396e-07,-2.733090e-07,-3.738891e-05,1.118809e-05,7.088271e-05,-3.534000e-13,9.575591e-14,6.681878e-13,0.000000e+00,0.000000e+00,1.123510e+00,0.000000e+00,0.000000e+00,6.345926e-06
0,8.500000e-02,5.484104e-06,-5.555720e-07,-2.641492e-07,4.272592e-05,2.493522e-05,1.831951e-05,4.018556e-13,2.262273e-13,1.725995e-13,0.000000e+00,0.000000e+00,5.149527e+00,0.000000e+00,0.000000e+00,5.685070e-06
0,8.550000e-02,5.453176e-06,-5.545373e-07,-2.599000e-07,-6.185495e-05,2.069504e-06,8.498486e-06,-5.840871e-13,9.579710e-15,8.008555e-14,0.000000e+00,0.000000e+00,-9.489990e-01,0.000000e+00,0.000000e+00,6.419305e-06
0,8.600000e-02,5.439736e-06,-5.369996e-07,-2.457892e-07,-2.687991e-05,3.507527e-05,2.822157e-05,-2.542022e-13,3.217283e-13,2.660038e-13,0.000000e+00,0.000000e+00,5.697272e+00,0.000000e+00,0.000000e+00,5.729263e-06
0,8.650000e-02,5.412664e-06,-5.300801e-07,-2.535468e-07,-5.414398e-05,1.383910e-05,-1.551528e-05,-5.111732e-13,1.218145e-13,-1.462762e-13,0.000000e+00,0.000000e+00,1.378842e+00,0.000000e+00,0.000000e+00,5.524109e-06
0,8.700000e-02,5.437114e-06,-5.019000e-07,-2.625978e-07,4.889872e-05,5.636016e-05,-1.810192e-05,4.600168e-13,5.214662e-13,-1.706094e-13,0.000000e+00,0.000000e+00,1.099871e+01,0.000000e+00,0.000000e+00,6.244271e-06
0,8.750000e-02,5.456581e-06,-5.469935e-07,-2.696938e-07,3.893544e-05,-9.018702e-05,-1.419203e-05,3.660540e-13,-8.598272e-13,-1.337525e-13,0.000000e+00,0.000000e+00,-1.598045e+01,0.000000e+00,0.000000e+00,6.208454e-06
0,8.800000e-02,5.428541e-06,-5.212299e-07,-2.350087e-07,-5.608152e-05,5.152722e-05,6.937013e-05,-5.295425e-13,4.769885e-13,6.538900e-13,0.000000e+00,0.000000e+00,8.158045e+00,0.000000e+00,0.000000e+00,5.676514e-06
0,8.850000e-02,5.411521e-06,-5.327317e-07,-2.050129e-07,-3.403880e-05,-2.300358e-05,5.999166e-05,-3.217215e-13,-2.266501e-13,5.653977e-13,0.000000e+00,0.000000e+00,-4.986202e+00,0.000000e+00,0.000000e+00,6.261434e-06
0,8.900000e-02,5.414051e-06,-5.305272e-07,-2.247897e-07,5.059580e-06,4.409007e-06,-3.955362e-05,4.675957e-14,3.174252e-14,-3.728936e-13,0.000000e+00,0.000000e+00,7.051430e-01,0.000000e+00,0.000000e+00,6.294087e-06
0,8.950000e-02,5.393140e-06,-5.416275e-07,-2.098312e-07,-4.182227e-05,-2.220057e-05,2.991692e-05,-3.951738e-13,-2.190272e-13,2.820367e-13,0.000000e+00,0.000000e+00,-5.002605e+00,0.000000e+00,0.000000e+00,6.245906e-06
0,9.000000e-02,5.436322e-06,-5.285882e-07,-2.211393e-07,8.636356e-05,2.607849e-05,-2.261611e-05,8.125628e-13,2.305469e-13,-2.132096e-13,0.000000e+00,0.000000e+00,6.078600e+00,0.000000e+00,0.000000e+00,9.749500e-06
0,9.050000e-02,5.488480e-06,-5.135779e-07,-2.215378e-07,1.043174e-04,3.002067e-05,-7.969842e-07,9.822309e-13,2.730995e-13,-7.487408e-15,0.000000e+00,0.000000e+00,7.126754e+00,0.000000e+00,0.000000e+00,6.322190e-06
0,9.100000e-02,5.473660e-06,-4.893979e-07,-2.476931e-07,-2.964048e-05,4.836008e-05,-5.231061e-05,-2.804014e-13,4.461938e-13,-4.930725e-13,0.000000e+00,0.000000e+00,8.048010e+00,0.000000e+00,0.000000e+00,6.226698e-06
0,9.150000e-02,5.474027e-06,-4.944567e-07,-2.726304e-07,7.347213e-07,-1.011776e-05,-4.987468e-05,6.212548e-15,-1.037593e-13,-4.700551e-13,0.000000e+00,0.000000e+00,-1.983474e+00,0.000000e+00,0.000000e+00,5.383862e-06
0,9.200000e-02,5.481439e-06,-4.843926e-07,-2.822275e-07,1.482241e-05,2.012829e-05,-1.919403e-05,1.389677e-13,1.814819e-13,-1.808658e-13,0.000000e+00,0.000000e+00,3.729895e+00,0.000000e+00,0.000000e+00,5.332529e-06
0,9.250000e-02,5.484931e-06,-5.014864e-07,-3.197440e-07,6.984354e-06,-3.418760e-05,-7.503313e-05,6.501076e-14,-3.313980e-13,-7.072320e-13,0.000000e+00,0.000000e+00,-6.253584e+00,0.000000e+00,0.000000e+00,5.901509e-06
0,9.300000e-02,5.476650e-06,-5.159250e-07,-3.116887e-07,-1.656206e-05,-2.887721e-05,1.611058e-05,-1.569446e-13,-2.811777e-13,1.519389e-13,0.000000e+00,0.000000e+00,-5.669481e+00,0.000000e+00,0.000000e+00,5.840212e-06
0,9.350000e-02,5.473036e-06,-5.214858e-07,-3.187287e-07,-7.227033e-06,-1.112153e-05,-1.407990e-05,-6.889587e-14,-1.132157e-13,-1.327331e-13,0.000000e+00,0.000000e+00,-2.299130e+00,0.000000e+00,0.000000e+00,5.443234e-06
0,9.400000e-02,5.495553e-06,-5.252011e-07,-3.127927e-07,4.503264e-05,-7.430578e-06,1.187186e-05,4.236782e-13,-7.844397e-14,1.119182e-13,0.000000e+00,0.000000e+00,-7.316612e-01,0.000000e+00,0.000000e+00,5.440194e-06
0,9.450000e-02,5.506450e-06,-5.596008e-07,-3.437367e-07,2.179567e-05,-6.879945e-05,-6.188784e-05,2.044947e-13,-6.578943e-13,-5.833603e-13,0.000000e+00,0.000000e+00,-1.221182e+01,0.000000e+00,0.000000e+00,6.105810e-06
0,9.500000e-02,5.527251e-06,-5.559971e-07,-3.562056e-07,4.160079e-05,7.207446e-06,-2.493780e-05,3.911181e-13,5.835033e-14,-2.349926e-13,0.000000e+00,0.000000e+00,1.869309e+00,0.000000e+00,0.000000e+00,6.290782e-06
0,9.550000e-02,5.520882e-06,-5.465904e-07,-3.541921e-07,-1.273748e-05,1.881336e-05,4.026897e-06,-1.207633e-13,1.708064e-13,3.798446e-14,0.000000e+00,0.000000e+00,3.015049e+00,0.000000e+00,0.000000e+00,4.258971e-06
0,9.600000e-02,5.514332e-06,-5.502995e-07,-3.453513e-07,-1.310011e-05,-7.418223e-06,1.768172e-05,-1.241114e-13,-7.646303e-14,1.666613e-13,0.000000e+00,0.000000e+00,-1.688536e+00,0.000000e+00,0.000000e+00,4.253396e-06
0,9.650000e-02,5.562411e-06,-5.511765e-07,-3.288698e-07,9.615745e-05,-1.754073e-06,3.296301e-05,9.054183e-13,-2.618918e-14,3.106859e-13,0.000000e+00,0.000000e+00,1.222151e+00,0.000000e+00,0.000000e+00,6.298635e-06
0,9.700000e-02,5.581185e-06,-5.880991e-07,-3.404512e-07,3.754839e-05,-7.384514e-05,-2.316281e-05,3.532515e-13,-7.017983e-13,-2.183661e-13,0.000000e+00,0.000000e+00,-1.259384e+01,0.000000e+00,0.000000e+00,3.776404e-06
0,9.750000e-02,5.564698e-06,-5.833087e-07,-3.673994e-07,-3.297335e-05,9.580721e-06,-5.389640e-05,-3.114756e-13,8.439407e-14,-5.079954e-13,0.000000e+00,0.000000e+00,9.681309e-01,0.000000e+00,0.000000e+00,3.958212e-06
0,9.800000e-02,5.579479e-06,-5.520956e-07,-3.585553e-07,2.956181e-05,6.242632e-05,1.768812e-05,2.780620e-13,5.824955e-13,1.667854e-13,0.000000e+00,0.000000e+00,1.153435e+01,0.000000e+00,0.000000e+00,3.895432e-06
0,9.850000e-02,5.554105e-06,-5.363562e-07,-3.622430e-07,-5.074916e-05,3.147883e-05,-7.375395e-06,-4.789491e-13,2.909758e-13,-6.953902e-14,0.000000e+00,0.000000e+00,4.588054e+00,0.000000e+00,0.000000e+00,3.739119e-06
0,9.900000e-02,5.560747e-06,-5.347337e-07,-3.512129e-07,1.328530e-05,3.244979e-06,2.206016e-05,1.246550e-13,2.406526e-14,2.079445e-13,0.000000e+00,0.000000e+00,6.837996e-01,0.000000e+00,0.000000e+00,4.255704e-06
0,9.950000e-02,5.587812e-06,-5.328259e-07,-3.894871e-07,5.412957e-05,3.815488e-06,-7.654840e-05,5.096642e-13,3.034638e-14,-7.215601e-13,0.000000e+00,0.000000e+00,1.500234e+00,0.000000e+00,0.000000e+00,3.687378e-06
0,1.000000e-01,5.581828e-06,-5.189288e-07,-3.972235e-07,-1.196847e-05,2.779436e-05,-1.547281e-05,-1.134005e-13,2.564484e-13,-1.457606e-13,0.000000e+00,0.000000e+00,4.621822e+00,0.000000e+00,0.000000e+00,3.651363e-06
0,1.005000e-01,5.591578e-06,-5.032628e-07,-4.015215e-07,1.950134e-05,3.133196e-05,-8.595897e-06,1.833159e-13,2.897659e-13,-8.100686e-14,0.000000e+00,0.000000e+00,5.781932e+00,0.000000e+00,0.000000e+00,3.646640e-06
0,1.010000e-01,5.594701e-06,-5.183380e-07,-4.065000e-07,6.244675e-06,-3.015047e-05,-9.957046e-06,5.834180e-14,-2.897655e-13,-9.384444e-14,0.000000e+00,0.000000e+00,-5.354128e+00,0.000000e+00,0.000000e+00,3.652028e-06
0,1.015000e-01,5.592502e-06,-4.962213e-07,-4.312383e-07,-4.397242e-06,4.423341e-05,-4.947659e-05,-4.196754e-14,4.114368e-13,-4.663493e-13,0.000000e+00,0.000000e+00,7.661859e+00,0.000000e+00,0.000000e+00,3.654942e-06
0,1.020000e-01,5.579556e-06,-5.006358e-07,-4.373149e-07,-2.589267e-05,-8.828982e-06,-1.215333e-05,-2.445261e-13,-8.856409e-14,-1.145014e-13,0.000000e+00,0.000000e+00,-2.074424e+00,0.000000e+00,0.000000e+00,3.492312e-06
0,1.025000e-01,5.564696e-06,-5.279281e-07,-4.242362e-07,-2.971967e-05,-5.458470e-05,2.615753e-05,-2.805805e-13,-5.197930e-13,2.465710e-13,0.000000e+00,0.000000e+00,-1.027963e+01,0.000000e+00,0.000000e+00,3.484535e-06
0,1.030000e-01,5.565978e-06,-5.156333e-07,-4.240003e-07,2.563370e-06,2.458965e-05,4.716741e-07,2.367815e-14,2.263944e-13,4.417180e-15,0.000000e+00,0.000000e+00,4.318959e+00,0.000000e+00,0.000000e+00,3.577606e-06
0,1.035000e-01,5.564206e-06,-5.201171e-07,-4.007581e-07,-3.542945e-06,-8.967614e-06,4.648453e-05,-3.390269e-14,-9.000052e-14,4.381569e-13,0.000000e+00,0.000000e+00,-1.759707e+00,0.000000e+00,0.000000e+00,3.577689e-06
0,1.040000e-01,5.597864e-06,-4.563509e-07,-4.088092e-07,6.731603e-05,1.275325e-04,-1.610225e-05,6.339992e-13,1.196582e-12,-1.518289e-13,0.000000e+00,0.000000e+00,2.373719e+01,0.000000e+00,0.000000e+00,3.635298e-06
0,1.045000e-01,5.591676e-06,-4.178921e-07,-4.195887e-07,-1.237557e-05,7.691760e-05,-2.155901e-05,-1.171479e-13,7.196837e-13,-2.031949e-13,0.000000e+00,0.000000e+00,1.337238e+01,0.000000e+00,0.000000e+00,3.423714e-06
0,1.050000e-01,5.607217e-06,-4.247118e-07,-4.157705e-07,3.108091e-05,-1.363952e-05,7.636512e-06,2.925984e-13,-1.337354e-13,7.200453e-14,0.000000e+00,0.000000e+00,-2.109110e+00,0.000000e+00,0.000000e+00,3.346914e-06
0,1.055000e-01,5.621702e-06,-4.217005e-07,-4.231381e-07,2.897033e-05,6.022683e-06,-1.473538e-05,2.726519e-13,5.170499e-14,-1.389023e-13,0.000000e+00,0.000000e+00,1.360976e+00,0.000000e+00,0.000000e+00,3.351850e-06
0,1.060000e-01,5.619057e-06,-3.936188e-07,-4.352194e-07,-5.290877e-06,5.616330e-05,-2.416259e-05,-5.027791e-14,5.243840e-13,-2.277374e-13,0.000000e+00,0.000000e+00,9.770023e+00,0.000000e+00,0.000000e+00,3.306275e-06
0,1.065000e-01,5.623142e-06,-3.982967e-07,-4.615665e-07,8.170921e-06,-9.355735e-06,-5.269409e-05,7.668500e-14,-9.308597e-14,-4.966615e-13,0.000000e+00,0.000000e+00,-1.646852e+00,0.000000e+00,0.000000e+00,3.196948e-06
0,1.070000e-01,5.646205e-06,-4.242417e-07,-4.496151e-07,4.612656e-05,-5.188997e-05,2.390270e-05,4.344316e-13,-4.939362e-13,2.253618e-13,0.000000e+00,0.000000e+00,-8.695011e+00,0.000000e+00,0.000000e+00,3.199448e-06
0,1.075000e-01,5.607179e-06,-4.502589e-07,-4.797525e-07,-7.805162e-05,-5.203450e-05,-6.027469e-05,-7.359609e-13,-4.931443e-13,-5.681681e-13,0.000000e+00,0.000000e+00,-1.024825e+01,0.000000e+00,0.000000e+00,1.814211e-06
0,1.080000e-01,5.581248e-06,-4.694890e-07,-4.768833e-07,-5.186199e-05,-3.846012e-05,5.738361e-06,-4.891530e-13,-3.673705e-13,5.415536e-14,0.000000e+00,0.000000e+00,-7.645946e+00,0.000000e+00,0.000000e+00,3.240756e-06
0,1.085000e-01,5.612468e-06,-4.794201e-07,-4.915407e-07,6.243870e-05,-1.986229e-05,-2.931472e-05,5.881589e-13,-1.923802e-13,-2.763233e-13,0.000000e+00,0.000000e+00,-2.698203e+00,0.000000e+00,0.000000e+00,3.422315e-06
0,1.090000e-01,5.608334e-06,-4.912781e-07,-4.973399e-07,-8.267800e-06,-2.371587e-05,-1.159839e-05,-7.842731e-14,-2.285243e-13,-1.092928e-13,0.000000e+00,0.000000e+00,-4.414457e+00,0.000000e+00,0.000000e+00,3.309979e-06
0,1.095000e-01,5.611976e-06,-5.057533e-07,-5.000316e-07,7.284300e-06,-2.895040e-05,-5.383492e-06,6.823182e-14,-2.778591e-13,-5.073138e-14,0.000000e+00,0.000000e+00,-5.104442e+00,0.000000e+00,0.000000e+00,3.308159e-06
0,1.100000e-01,5.587669e-06,-5.535629e-07,-4.828280e-07,-4.861486e-05,-9.561936e-05,3.440720e-05,-4.587168e-13,-9.064917e-13,3.243239e-13,0.000000e+00,0.000000e+00,-1.777439e+01,0.000000e+00,0.000000e+00,3.460683e-06
0,1.105000e-01,5.570798e-06,-5.454083e-07,-4.760456e-07,-3.374129e-05,1.630936e-05,1.356478e-05,-3.185230e-13,1.484333e-13,1.278221e-13,0.000000e+00,0.000000e+00,2.195467e+00,0.000000e+00,0.000000e+00,3.566846e-06
0,1.110000e-01,5.561092e-06,-5.436123e-07,-4.620087e-07,-1.941284e-05,3.592033e-06,2.807389e-05,-1.834749e-13,2.843779e-14,2.646061e-13,0.000000e+00,0.000000e+00,1.978573e-01,0.000000e+00,0.000000e+00,3.555673e-06
0,1.115000e-01,5.567320e-06,-5.444842e-07,-4.840425e-07,1.245771e-05,-1.743818e-06,-4.406775e-05,1.169086e-13,-2.194054e-14,-4.154080e-13,0.000000e+00,0.000000e+00,-1.986154e-01,0.000000e+00,0.000000e+00,3.613305e-06
0,1.120000e-01,5.555278e-06,-5.425305e-07,-4.672585e-07,-2.408541e-05,3.907404e-06,3.356799e-05,-2.275682e-13,3.143027e-14,3.164562e-13,0.000000e+00,0.000000e+00,1.731543e-01,0.000000e+00,0.000000e+00,3.553418e-06
0,1.125000e-01,5.517068e-06,-4.996811e-07,-4.763274e-07,-7.641879e-05,8.569874e-05,-1.813774e-05,-7.208942e-13,8.015709e-13,-1.710010e-13,0.000000e+00,0.000000e+00,1.383147e+01,0.000000e+00,0.000000e+00,4.076143e-06
0,1.130000e-01,5.508865e-06,-4.867898e-07,-4.609678e-07,-1.640715e-05,2.578268e-05,3.071916e-05,-1.553361e-13,2.344460e-13,2.895750e-13,0.000000e+00,0.000000e+00,4.204934e+00,0.000000e+00,0.000000e+00,5.522953e-06
0,1.135000e-01,5.506340e-06,-4.981439e-07,-4.627754e-07,-5.048656e-06,-2.270834e-05,-3.615130e-06,-4.833330e-14,-2.227127e-13,-3.410955e-14,0.000000e+00,0.000000e+00,-4.336922e+00,0.000000e+00,0.000000e+00,5.612891e-06
0,1.140000e-01,5.496577e-06,-5.094422e-07,-4.618950e-07,-1.952745e-05,-2.259648e-05,1.760760e-06,-1.848391e-13,-2.216034e-13,1.660068e-14,0.000000e+00,0.000000e+00,-4.555036e+00,0.000000e+00,0.000000e+00,5.611366e-06
0,1.145000e-01,5.491835e-06,-4.857844e-07,-4.790032e-07,-9.483722e-06,4.731554e-05,-3.421641e-05,-9.020571e-14,4.370086e-13,-3.225217e-13,0.000000e+00,0.000000e+00,8.202473e+00,0.000000e+00,0.000000e+00,5.843770e-06
0,1.150000e-01,5.468498e-06,-4.268216e-07,-4.815491e-07,-4.667345e-05,1.179257e-04,-5.091709e-06,-4.406784e-13,1.103016e-12,-4.795620e-14,0.000000e+00,0.000000e+00,2.039636e+01,0.000000e+00,0.000000e+00,5.496661e-06
0,1.155000e-01,5.505626e-06,-4.153488e-07,-5.135248e-07,7.425591e-05,2.294555e-05,-6.395147e-05,6.994056e-13,2.088129e-13,-6.027931e-13,0.000000e+00,0.000000e+00,5.081582e+00,0.000000e+00,0.000000e+00,4.726111e-06
0,1.160000e-01,5.495713e-06,-4.193359e-07,-5.088046e-07,-1.982578e-05,-7.974305e-06,9.440396e-06,-1.875250e-13,-8.271800e-14,8.905433e-14,0.000000e+00,0.000000e+00,-1.855381e+00,0.000000e+00,0.000000e+00,4.878275e-06
0,1.165000e-01,5.479635e-06,-3.864498e-07,-4.405197e-07,-3.215551e-05,6.577226e-05,1.365698e-04,-3.036465e-13,6.124427e-13,1.287280e-12,0.000000e+00,0.000000e+00,1.130947e+01,0.000000e+00,0.000000e+00,4.869808e-06
0,1.170000e-01,5.473058e-06,-4.223202e-07,-4.421277e-07,-1.315444e-05,-7.174077e-05,-3.216021e-06,-1.245081e-13,-6.841085e-13,-3.046399e-14,0.000000e+00,0.000000e+00,-1.334726e+01,0.000000e+00,0.000000e+00,5.037946e-06
0,1.175000e-01,5.458745e-06,-4.188065e-07,-4.463623e-07,-2.862663e-05,7.027359e-06,-8.469177e-06,-2.703932e-13,5.884586e-14,-7.982589e-14,0.000000e+00,0.000000e+00,7.303398e-01,0.000000e+00,0.000000e+00,4.814850e-06
0,1.180000e-01,5.410819e-06,-4.041745e-07,-4.029794e-07,-9.585202e-05,2.926392e-05,8.676588e-05,-9.040175e-13,2.685369e-13,8.178539e-13,0.000000e+00,0.000000e+00,3.848496e+00,0.000000e+00,0.000000e+00,4.687293e-06
0,1.185000e-01,5.456329e-06,-3.925612e-07,-4.077018e-07,9.102017e-05,2.322677e-05,-9.444748e-06,8.573244e-13,2.091818e-13,-8.912044e-14,0.000000e+00,0.000000e+00,5.327858e+00,0.000000e+00,0.000000e+00,6.189553e-06
0,1.190000e-01,5.420245e-06,-3.789968e-07,-4.134261e-07,-7.216870e-05,2.712867e-05,-1.144873e-05,-6.808869e-13,2.482706e-13,-1.079040e-13,0.000000e+00,0.000000e+00,3.855477e+00,0.000000e+00,0.000000e+00,4.760130e-06
0,1.195000e-01,5.412920e-06,-3.962794e-07,-4.240503e-07,-1.464949e-05,-3.456511e-05,-2.124842e-05,-1.386985e-13,-3.357540e-13,-2.002724e-13,0.000000e+00,0.000000e+00,-6.728194e+00,0.000000e+00,0.000000e+00,6.322839e-06
0,1.200000e-01,5.424061e-06,-4.016171e-07,-4.008858e-07,2.228295e-05,-1.067544e-05,4.632917e-05,2.093523e-13,-1.101509e-13,4.367164e-13,0.000000e+00,0.000000e+00,-1.849371e+00,0.000000e+00,0.000000e+00,6.091694e-06
0,1.205000e-01,5.431539e-06,-4.217878e-07,-3.750743e-07,1.495609e-05,-4.034145e-05,5.162289e-05,1.402301e-13,-3.899612e-13,4.865401e-13,0.000000e+00,0.000000e+00,-7.383999e+00,0.000000e+00,0.000000e+00,6.204402e-06
0,1.210000e-01,5.470879e-06,-4.092384e-07,-3.645655e-07,7.867861e-05,2.509878e-05,2.101765e-05,7.408344e-13,2.267828e-13,1.980531e-13,0.000000e+00,0.000000e+00,5.519178e+00,0.000000e+00,0.000000e+00,6.293107e-06
0,1.215000e-01,5.451865e-06,-4.281840e-07,-3.673303e-07,-3.802788e-05,-3.789104e-05,-5.529684e-06,-3.590954e-13,-3.647068e-13,-5.214523e-14,0.000000e+00,0.000000e+00,-7.550357e+00,0.000000e+00,0.000000e+00,4.843998e-06
0,1.220000e-01,5.442184e-06,-4.395348e-07,-3.316447e-07,-1.936253e-05,-2.270173e-05,7.137120e-05,-1.830721e-13,-2.216468e-13,6.727422e-13,0.000000e+00,0.000000e+00,-4.565659e+00,0.000000e+00,0.000000e+00,4.946800e-06
0,1.225000e-01,5.440923e-06,-4.563572e-07,-3.483551e-07,-2.521699e-06,-3.364467e-05,-3.342068e-05,-2.437822e-14,-3.249095e-13,-3.150978e-13,0.000000e+00,0.000000e+00,-6.331448e+00,0.000000e+00,0.000000e+00,5.003372e-06
0,1.230000e-01,5.439779e-06,-4.443116e-07,-3.691523e-07,-2.286531e-06,2.409109e-05,-4.159439e-05,-2.219574e-14,2.194152e-13,-3.920268e-13,0.000000e+00,0.000000e+00,4.211656e+00,0.000000e+00,0.000000e+00,4.938997e-06
0,1.235000e-01,5.436890e-06,-4.437081e-07,-3.863976e-07,-5.779233e-06,1.207045e-06,-3.449060e-05,-5.510098e-14,3.648170e-15,-3.250584e-13,0.000000e+00,0.000000e+00,-1.600444e-02,0.000000e+00,0.000000e+00,4.937068e-06
0,1.240000e-01,5.443876e-06,-4.754358e-07,-3.481747e-07,1.397341e-05,-6.345547e-05,7.644577e-05,1.309269e-13,-6.078189e-13,7.206064e-13,0.000000e+00,0.000000e+00,-1.157486e+01,0.000000e+00,0.000000e+00,6.209985e-06
0,1.245000e-01,5.454773e-06,-4.872852e-07,-3.535038e-07,2.179314e-05,-2.369882e-05,-1.065832e-05,2.047003e-13,-2.313718e-13,-1.005481e-13,0.000000e+00,0.000000e+00,-4.130436e+00,0.000000e+00,0.000000e+00,5.174358e-06
0,1.250000e-01,5.430709e-06,-4.867317e-07,-3.532217e-07,-4.812900e-05,1.107049e-06,5.643429e-07,-4.544018e-13,2.402902e-15,5.331147e-15,0.000000e+00,0.000000e+00,-7.373394e-01,0.000000e+00,0.000000e+00,5.185623e-06
0,1.255000e-01,5.432453e-06,-5.058211e-07,-3.284815e-07,3.488992e-06,-3.817884e-05,4.948029e-05,3.206113e-14,-3.696733e-13,4.663945e-13,0.000000e+00,0.000000e+00,-7.108539e+00,0.000000e+00,0.000000e+00,6.281277e-06
0,1.260000e-01,5.420898e-06,-5.197179e-07,-3.150627e-07,-2.310969e-05,-2.779348e-05,2.683754e-05,-2.187234e-13,-2.714994e-13,2.529129e-13,0.000000e+00,0.000000e+00,-5.651675e+00,0.000000e+00,0.000000e+00,6.133572e-06
0,1.265000e-01,5.424886e-06,-5.466983e-07,-3.278196e-07,7.976098e-06,-5.396091e-05,-2.551363e-05,7.429050e-14,-5.181593e-13,-2.405178e-13,0.000000e+00,0.000000e+00,-9.910910e+00,0.000000e+00,0.000000e+00,6.122109e-06
0,1.270000e-01,5.415538e-06,-5.371753e-07,-3.172590e-07,-1.869647e-05,1.904600e-05,2.112103e-05,-1.771988e-13,1.700643e-13,1.991122e-13,0.000000e+00,0.000000e+00,2.945553e+00,0.000000e+00,0.000000e+00,6.106390e-06
0,1.275000e-01,5.435546e-06,-5.051189e-07,-3.244912e-07,4.001677e-05,6.411275e-05,-1.446434e-05,3.762657e-13,5.947402e-13,-1.363623e-13,0.000000e+00,0.000000e+00,1.226189e+01,0.000000e+00,0.000000e+00,6.118017e-06
0,1.280000e-01,5.442173e-06,-5.052145e-07,-3.282947e-07,1.325335e-05,-1.911116e-07,-7.606908e-06,1.239917e-13,-1.143556e-14,-7.168588e-14,0.000000e+00,0.000000e+00,3.123720e-03,0.000000e+00,0.000000e+00,6.136961e-06
0,1.285000e-01,5.469223e-06,-4.843132e-07,-3.350570e-07,5.409892e-05,4.180267e-05,-1.352460e-05,5.091338e-13,3.856090e-13,-1.274728e-13,0.000000e+00,0.000000e+00,8.366452e+00,0.000000e+00,0.000000e+00,5.408280e-06
0,1.290000e-01,5.455447e-06,-4.706058e-07,-3.723707e-07,-2.755185e-05,2.741470e-05,-7.462750e-05,-2.604828e-13,2.501977e-13,-7.034148e-13,0.000000e+00,0.000000e+00,4.372555e+00,0.000000e+00,0.000000e+00,5.266885e-06
0,1.295000e-01,5.459853e-06,-4.975745e-07,-3.659844e-07,8.813673e-06,-5.393743e-05,1.277270e-05,8.241159e-14,-5.164980e-13,1.204759e-13,0.000000e+00,0.000000e+00,-9.832277e+00,0.000000e+00,0.000000e+00,5.184877e-06
0,1.300000e-01,5.459202e-06,-4.957289e-07,-3.723995e-07,-1.302737e-06,3.691316e-06,-1.283018e-05,-1.302338e-14,2.679638e-14,-1.209498e-13,0.000000e+00,0.000000e+00,4.923961e-01,0.000000e+00,0.000000e+00,5.191290e-06
0,1.305000e-01,5.473516e-06,-5.208706e-07,-3.586308e-07,2.862713e-05,-5.028347e-05,2.753722e-05,2.691056e-13,-4.820270e-13,2.595766e-13,0.000000e+00,0.000000e+00,-8.819743e+00,0.000000e+00,0.000000e+00,5.190517e-06
0,1.310000e-01,5.479711e-06,-5.297668e-07,-3.470181e-07,1.239077e-05,-1.779244e-05,2.322543e-05,1.159718e-13,-1.759621e-13,2.188898e-13,0.000000e+00,0.000000e+00,-3.169009e+00,0.000000e+00,0.000000e+00,5.370486e-06
0,1.315000e-01,5.482488e-06,-5.276945e-07,-3.444932e-07,5.553629e-06,4.144576e-06,5.049783e-06,5.143655e-14,2.980094e-14,4.757310e-14,0.000000e+00,0.000000e+00,6.666584e-01,0.000000e+00,0.000000e+00,6.010376e-06
0,1.320000e-01,5.479979e-06,-5.088138e-07,-3.339849e-07,-5.018614e-06,3.776152e-05,2.101675e-05,-4.820467e-14,3.466456e-13,1.980958e-13,0.000000e+00,0.000000e+00,6.557461e+00,0.000000e+00,0.000000e+00,6.013176e-06
0,1.325000e-01,5.503729e-06,-4.965912e-07,-3.100279e-07,4.750190e-05,2.444510e-05,4.791395e-05,4.468789e-13,2.209655e-13,4.516079e-13,0.000000e+00,0.000000e+00,5.038475e+00,0.000000e+00,0.000000e+00,6.086961e-06
0,1.330000e-01,5.524905e-06,-4.840317e-07,-3.171278e-07,4.235117e-05,2.511901e-05,-1.419972e-05,3.983305e-13,2.277184e-13,-1.338975e-13,0.000000e+00,0.000000e+00,5.041902e+00,0.000000e+00,0.000000e+00,5.859594e-06
0,1.335000e-01,5.479936e-06,-4.979914e-07,-3.201912e-07,-8.993888e-05,-2.791929e-05,-6.126810e-06,-8.483722e-13,-2.697293e-13,-5.773495e-14,0.000000e+00,0.000000e+00,-6.555712e+00,0.000000e+00,0.000000e+00,4.259774e-06
0,1.340000e-01,5.493106e-06,-4.445457e-07,-3.025676e-07,2.634169e-05,1.068913e-04,3.524716e-05,2.475725e-13,9.985527e-13,3.322422e-13,0.000000e+00,0.000000e+00,1.960476e+01,0.000000e+00,0.000000e+00,5.834600e-06
0,1.345000e-01,5.470163e-06,-4.686870e-07,-3.321389e-07,-4.588714e-05,-4.828265e-05,-5.914258e-05,-4.332548e-13,-4.638646e-13,-5.575094e-13,0.000000e+00,0.000000e+00,-9.571011e+00,0.000000e+00,0.000000e+00,5.591497e-06
0,1.350000e-01,5.428404e-06,-4.490445e-07,-3.543166e-07,-8.351857e-05,3.928512e-05,-4.435546e-05,-7.878851e-13,3.621838e-13,-4.180241e-13,0.000000e+00,0.000000e+00,5.672356e+00,0.000000e+00,0.000000e+00,5.266482e-06
0,1.355000e-01,5.421426e-06,-4.739507e-07,-3.472724e-07,-1.395554e-05,-4.981250e-05,1.408829e-05,-1.322650e-13,-4.794052e-13,1.328433e-13,0.000000e+00,0.000000e+00,-9.517345e+00,0.000000e+00,0.000000e+00,6.292013e-06
0,1.360000e-01,5.421183e-06,-4.480790e-07,-3.250915e-07,-4.863536e-07,5.174338e-05,4.436197e-05,-5.426122e-15,4.779767e-13,4.181350e-13,0.000000e+00,0.000000e+00,9.272197e+00,0.000000e+00,0.000000e+00,6.269327e-06
0,1.365000e-01,5.416456e-06,-4.667326e-07,-3.513291e-07,-9.452809e-06,-3.730712e-05,-5.247519e-05,-8.992403e-14,-3.616732e-13,-4.946735e-13,0.000000e+00,0.000000e+00,-7.173171e+00,0.000000e+00,0.000000e+00,6.365652e-06
0,1.370000e-01,5.436855e-06,-4.712577e-07,-3.651433e-07,4.079799e-05,-9.050278e-06,-2.762843e-05,3.837223e-13,-9.507162e-14,-2.603645e-13,0.000000e+00,0.000000e+00,-1.206371e+00,0.000000e+00,0.000000e+00,6.262904e-06
0,1.375000e-01,5.459932e-06,-4.624554e-07,-3.635807e-07,4.615406e-05,1.760474e-05,3.125079e-06,4.341478e-13,1.561444e-13,2.948699e-14,0.000000e+00,0.000000e+00,3.752886e+00,0.000000e+00,0.000000e+00,6.286766e-06
0,1.380000e-01,5.487693e-06,-4.414933e-07,-3.629249e-07,5.552182e-05,4.192415e-05,1.311612e-06,5.226083e-13,3.870913e-13,1.235966e-14,0.000000e+00,0.000000e+00,8.322354e+00,0.000000e+00,0.000000e+00,5.188452e-06
0,1.385000e-01,5.454908e-06,-4.354526e-07,-3.884256e-07,-6.557122e-05,1.208145e-05,-5.100138e-05,-6.188135e-13,1.053025e-13,-4.807342e-13,0.000000e+00,0.000000e+00,1.067380e+00,0.000000e+00,0.000000e+00,5.513780e-06
0,1.390000e-01,5.468839e-06,-4.385038e-07,-3.880559e-07,2.786314e-05,-6.102545e-06,7.393903e-07,2.621005e-13,-6.512759e-14,7.025481e-15,0.000000e+00,0.000000e+00,-8.541353e-01,0.000000e+00,0.000000e+00,4.878346e-06
0,1.395000e-01,5.462200e-06,-4.268131e-07,-3.659585e-07,-1.327792e-05,2.338155e-05,4.419484e-05,-1.257955e-13,2.128059e-13,4.165743e-13,0.000000e+00,0.000000e+00,3.907383e+00,0.000000e+00,0.000000e+00,4.890943e-06
0,1.400000e-01,5.466191e-06,-4.016150e-07,-3.737863e-07,7.981234e-06,5.039603e-05,-1.565567e-05,7.464266e-14,4.672960e-13,-1.476170e-13,0.000000e+00,0.000000e+00,9.134160e+00,0.000000e+00,0.000000e+00,4.956024e-06
0,1.405000e-01,5.457756e-06,-4.197381e-07,-3.508870e-07,-1.686919e-05,-3.624617e-05,4.579860e-05,-1.595685e-13,-3.492309e-13,4.317093e-13,0.000000e+00,0.000000e+00,-6.966919e+00,0.000000e+00,0.000000e+00,4.839372e-06
0,1.410000e-01,5.472443e-06,-4.435723e-07,-3.436483e-07,2.937315e-05,-4.766836e-05,1.447737e-05,2.763078e-13,-4.567979e-13,1.364116e-13,0.000000e+00,0.000000e+00,-8.417441e+00,0.000000e+00,0.000000e+00,4.833146e-06
0,1.415000e-01,5.483305e-06,-4.457569e-07,-3.553461e-07,2.172354e-05,-4.369226e-06,-2.339543e-05,2.041067e-13,-4.883486e-14,-2.205384e-13,0.000000e+00,0.000000e+00,-6.228764e-01,0.000000e+00,0.000000e+00,4.966463e-06
0,1.420000e-01,5.526908e-06,-4.642464e-07,-3.573184e-07,8.720730e-05,-3.697904e-05,-3.944644e-06,8.212880e-13,-3.570842e-13,-3.715601e-14,0.000000e+00,0.000000e+00,-5.580262e+00,0.000000e+00,0.000000e+00,5.509744e-06
0,1.425000e-01,5.513857e-06,-4.544667e-07,-3.958273e-07,-2.610317e-05,1.955950e-05,-7.701786e-05,-2.466834e-13,1.779505e-13,-7.259566e-13,0.000000e+00,0.000000e+00,2.996313e+00,0.000000e+00,0.000000e+00,4.205102e-06
0,1.430000e-01,5.487121e-06,-4.663747e-07,-3.840216e-07,-5.347139e-05,-2.381608e-05,2.361149e-05,-5.046788e-13,-2.329139e-13,2.226437e-13,0.000000e+00,0.000000e+00,-5.245799e+00,0.000000e+00,0.000000e+00,5.460675e-06
0,1.435000e-01,5.479900e-06,-4.476094e-07,-3.870236e-07,-1.444222e-05,3.753055e-05,-6.003970e-06,-1.368182e-13,3.450027e-13,-5.661865e-14,0.000000e+00,0.000000e+00,6.398800e+00,0.000000e+00,0.000000e+00,5.680485e-06
0,1.440000e-01,5.469376e-06,-4.921089e-07,-3.821644e-07,-2.104814e-05,-8.899883e-05,9.718375e-06,-1.990679e-13,-8.473385e-13,9.161082e-14,0.000000e+00,0.000000e+00,-1.660770e+01,0.000000e+00,0.000000e+00,5.426718e-06
0,1.445000e-01,5.453665e-06,-5.160631e-07,-3.801374e-07,-3.142061e-05,-4.790846e-05,4.053924e-06,-2.968687e-13,-4.595391e-13,3.820111e-14,0.000000e+00,0.000000e+00,-9.358098e+00,0.000000e+00,0.000000e+00,5.199803e-06
0,1.450000e-01,5.445802e-06,-5.672923e-07,-3.590548e-07,-1.572751e-05,-1.024584e-04,4.216525e-05,-1.489973e-13,-9.740155e-13,3.974400e-13,0.000000e+00,0.000000e+00,-1.905242e+01,0.000000e+00,0.000000e+00,5.350740e-06
0,1.455000e-01,5.454424e-06,-5.450326e-07,-3.456344e-07,1.724382e-05,4.451936e-05,2.684070e-05,1.616611e-13,4.111617e-13,2.529508e-13,0.000000e+00,0.000000e+00,8.246292e+00,0.000000e+00,0.000000e+00,5.531360e-06
0,1.460000e-01,5.465187e-06,-5.334283e-07,-3.791786e-07,2.152652e-05,2.320853e-05,-6.708833e-05,2.020291e-13,2.101231e-13,-6.323959e-13,0.000000e+00,0.000000e+00,4.436338e+00,0.000000e+00,0.000000e+00,5.537742e-06
0,1.465000e-01,5.451886e-06,-5.325789e-07,-3.979152e-07,-2.660092e-05,1.698887e-06,-3.747328e-05,-2.515714e-13,7.681887e-15,-3.531448e-13,0.000000e+00,0.000000e+00,-3.239087e-01,0.000000e+00,0.000000e+00,5.363565e-06
0,1.470000e-01,5.449895e-06,-4.850914e-07,-3.855015e-07,-3.982507e-06,9.497494e-05,2.482757e-05,-3.830900e-14,8.870348e-13,2.340628e-13,0.000000e+00,0.000000e+00,1.702593e+01,0.000000e+00,0.000000e+00,5.273036e-06
0,1.475000e-01,5.438915e-06,-4.759177e-07,-3.935327e-07,-2.196116e-05,1.834734e-05,-1.606257e-05,-2.077057e-13,1.648938e-13,-1.514311e-13,0.000000e+00,0.000000e+00,2.829636e+00,0.000000e+00,0.000000e+00,5.105778e-06
0,1.480000e-01,5.447486e-06,-4.807059e-07,-3.367276e-07,1.714281e-05,-9.576260e-06,1.136102e-04,1.609152e-13,-9.822725e-14,1.070894e-12,0.000000e+00,0.000000e+00,-1.628537e+00,0.000000e+00,0.000000e+00,5.094818e-06
0,1.485000e-01,5.446206e-06,-4.897050e-07,-3.305866e-07,-2.560839e-06,-1.799819e-05,1.228211e-05,-2.487742e-14,-1.778022e-13,1.156447e-13,0.000000e+00,0.000000e+00,-3.478573e+00,0.000000e+00,0.000000e+00,5.245810e-06
0,1.490000e-01,5.485970e-06,-4.709830e-07,-3.156674e-07,7.952812e-05,3.744392e-05,2.983841e-05,7.488912e-13,3.447988e-13,2.812397e-13,0.000000e+00,0.000000e+00,7.963557e+00,0.000000e+00,0.000000e+00,5.245353e-06
0,1.495000e-01,5.473090e-06,-4.627531e-07,-3.385519e-07,-2.575867e-05,1.645978e-05,-4.576895e-05,-2.436605e-13,1.460800e-13,-4.314454e-13,0.000000e+00,0.000000e+00,2.403665e+00,0.000000e+00,0.000000e+00,5.838453e-06
0,1.500000e-01,5.451627e-06,-4.643643e-07,-3.571882e-07,-4.292568e-05,-3.222448e-06,-3.727268e-05,-4.052743e-13,-3.855930e-14,-3.512774e-13,0.000000e+00,0.000000e+00,-1.401334e+00,0.000000e+00,0.000000e+00,5.268798e-06
0,1.505000e-01,5.494465e-06,-5.125603e-07,-3.652597e-07,8.567418e-05,-9.639189e-05,-1.614299e-05,8.069149e-13,-9.166355e-13,-1.521208e-13,0.000000e+00,0.000000e+00,-1.638184e+01,0.000000e+00,0.000000e+00,5.180769e-06
0,1.510000e-01,5.459636e-06,-5.116680e-07,-3.695286e-07,-6.965762e-05,1.784648e-06,-8.537878e-06,-6.575448e-13,7.639860e-15,-8.045924e-14,0.000000e+00,0.000000e+00,-1.029798e+00,0.000000e+00,0.000000e+00,6.024634e-06
0,1.515000e-01,5.447542e-06,-5.454784e-07,-3.374713e-07,-2.418821e-05,-6.762095e-05,6.411460e-05,-2.286973e-13,-6.456978e-13,6.043457e-13,0.000000e+00,0.000000e+00,-1.285083e+01,0.000000e+00,0.000000e+00,5.356144e-06
0,1.520000e-01,5.465755e-06,-5.454234e-07,-3.551359e-07,3.642661e-05,1.099654e-07,-3.532921e-05,3.425082e-13,-7.589766e-15,-3.330793e-13,0.000000e+00,0.000000e+00,5.134628e-01,0.000000e+00,0.000000e+00,5.603085e-06
0,1.525000e-01,5.468640e-06,-5.700757e-07,-3.941921e-07,5.770011e-06,-4.930457e-05,-7.811241e-05,5.349027e-14,-4.733279e-13,-7.362391e-13,0.000000e+00,0.000000e+00,-8.994100e+00,0.000000e+00,0.000000e+00,5.549172e-06
0,1.530000e-01,5.454827e-06,-5.724208e-07,-3.697957e-07,-2.762629e-05,-4.690085e-06,4.879280e-05,-2.612904e-13,-5.261474e-14,4.600009e-13,0.000000e+00,0.000000e+00,-1.533509e+00,0.000000e+00,0.000000e+00,5.474124e-06
0,1.535000e-01,5.433428e-06,-5.913771e-07,-3.802061e-07,-4.279742e-05,-3.791259e-05,-2.082076e-05,-4.042737e-13,-3.659387e-13,-1.963076e-13,0.000000e+00,0.000000e+00,-7.855895e+00,0.000000e+00,0.000000e+00,5.540967e-06
0,1.540000e-01,5.440968e-06,-6.188286e-07,-4.049305e-07,1.508043e-05,-5.490315e-05,-4.944882e-05,1.411876e-13,-5.267086e-13,-4.660756e-13,0.000000e+00,0.000000e+00,-9.868262e+00,0.000000e+00,0.000000e+00,5.945724e-06
0,1.545000e-01,5.451634e-06,-6.076221e-07,-4.280388e-07,2.133145e-05,2.241310e-05,-4.621664e-05,2.000317e-13,2.023615e-13,-4.355781e-13,0.000000e+00,0.000000e+00,4.332176e+00,0.000000e+00,0.000000e+00,5.781042e-06
0,1.550000e-01,5.456816e-06,-6.157656e-07,-3.983396e-07,1.036384e-05,-1.628702e-05,5.939841e-05,9.668172e-14,-1.623643e-13,5.599329e-13,0.000000e+00,0.000000e+00,-2.913249e+00,0.000000e+00,0.000000e+00,5.697762e-06
0,1.555000e-01,5.431787e-06,-6.005416e-07,-3.655927e-07,-5.005795e-05,3.044802e-05,6.549392e-05,-4.728629e-13,2.780541e-13,6.172724e-13,0.000000e+00,0.000000e+00,4.313247e+00,0.000000e+00,0.000000e+00,5.797302e-06
0,1.560000e-01,5.451823e-06,-5.985469e-07,-4.067486e-07,4.007152e-05,3.989418e-06,-8.231191e-05,3.767429e-13,2.833209e-14,-7.759340e-13,0.000000e+00,0.000000e+00,1.350933e+00,0.000000e+00,0.000000e+00,5.945037e-06
0,1.565000e-01,5.445615e-06,-6.056589e-07,-3.992816e-07,-1.241522e-05,-1.422403e-05,1.493405e-05,-1.180528e-13,-1.430444e-13,1.408571e-13,0.000000e+00,0.000000e+00,-2.999483e+00,0.000000e+00,0.000000e+00,5.790052e-06
0,1.570000e-01,5.460782e-06,-5.993750e-07,-3.971110e-07,3.033278e-05,1.256777e-05,4.341286e-06,2.849297e-13,1.095134e-13,4.090401e-14,0.000000e+00,0.000000e+00,2.716962e+00,0.000000e+00,0.000000e+00,5.784362e-06
0,1.575000e-01,5.433975e-06,-6.065209e-07,-3.852246e-07,-5.361250e-05,-1.429169e-05,2.377266e-05,-5.063624e-13,-1.436917e-13,2.240734e-13,0.000000e+00,0.000000e+00,-3.824956e+00,0.000000e+00,0.000000e+00,5.799548e-06
0,1.580000e-01,5.411905e-06,-5.861815e-07,-3.997814e-07,-4.414141e-05,4.067861e-05,-2.911359e-05,-4.170287e-13,3.743440e-13,-2.744472e-13,0.000000e+00,0.000000e+00,6.320603e+00,0.000000e+00,0.000000e+00,5.861945e-06
0,1.585000e-01,5.400901e-06,-6.024650e-07,-4.140715e-07,-2.200756e-05,-3.256682e-05,-2.858009e-05,-2.083784e-13,-3.161219e-13,-2.693604e-13,0.000000e+00,0.000000e+00,-6.561711e+00,0.000000e+00,0.000000e+00,5.836041e-06
0,1.590000e-01,5.354514e-06,-5.684973e-07,-4.134748e-07,-9.277405e-05,6.793539e-05,1.193447e-06,-8.754681e-13,6.312834e-13,1.128071e-14,0.000000e+00,0.000000e+00,1.035254e+01,0.000000e+00,0.000000e+00,5.826222e-06
0,1.595000e-01,5.337977e-06,-5.711628e-07,-4.261072e-07,-3.307344e-05,-5.331017e-06,-2.526496e-05,-3.131180e-13,-6.420615e-14,-2.381457e-13,0.000000e+00,0.000000e+00,-1.908046e+00,0.000000e+00,0.000000e+00,8.798924e-06
0,1.600000e-01,5.348739e-06,-5.661586e-07,-4.450671e-07,2.152379e-05,1.000829e-05,-3.791972e-05,2.014557e-13,8.068558e-14,-3.573989e-13,0.000000e+00,0.000000e+00,2.008827e+00,0.000000e+00,0.000000e+00,8.631412e-06
0,1.605000e-01,5.353360e-06,-5.746827e-07,-4.822788e-07,9.242571e-06,-1.704815e-05,-7.442342e-05,8.564989e-14,-1.743637e-13,-7.014644e-13,0.000000e+00,0.000000e+00,-3.242049e+00,0.000000e+00,0.000000e+00,8.647766e-06
0,1.610000e-01,5.368114e-06,-5.778565e-07,-4.727475e-07,2.950752e-05,-6.347655e-06,1.906256e-05,2.766840e-13,-7.322897e-14,1.797632e-13,0.000000e+00,0.000000e+00,-8.531200e-01,0.000000e+00,0.000000e+00,8.503568e-06
0,1.615000e-01,5.363206e-06,-5.768602e-07,-5.062513e-07,-9.815598e-06,1.992701e-06,-6.700764e-05,-9.408897e-14,4.521879e-15,-6.316267e-13,0.000000e+00,0.000000e+00,-1.095997e-01,0.000000e+00,0.000000e+00,9.069292e-06
0,1.620000e-01,5.373512e-06,-5.623249e-07,-4.926822e-07,2.061186e-05,2.907046e-05,2.713830e-05,1.927906e-13,2.600192e-13,2.558760e-13,0.000000e+00,0.000000e+00,5.490201e+00,0.000000e+00,0.000000e+00,8.886308e-06
0,1.625000e-01,5.383827e-06,-5.727137e-07,-4.823784e-07,2.062983e-05,-2.077743e-05,2.060758e-05,1.929380e-13,-2.101501e-13,1.942147e-13,0.000000e+00,0.000000e+00,-3.709135e+00,0.000000e+00,0.000000e+00,9.075555e-06
0,1.630000e-01,5.380512e-06,-5.768295e-07,-4.732498e-07,-6.630903e-06,-8.231586e-06,1.825719e-05,-6.404278e-14,-9.183732e-14,1.720674e-13,0.000000e+00,0.000000e+00,-1.922592e+00,0.000000e+00,0.000000e+00,9.094617e-06
0,1.635000e-01,5.387873e-06,-5.800360e-07,-4.654836e-07,1.472218e-05,-6.413065e-06,1.553249e-05,1.372470e-13,-7.470865e-14,1.463873e-13,0.000000e+00,0.000000e+00,-1.169705e+00,0.000000e+00,0.000000e+00,9.089814e-06
0,1.640000e-01,5.334981e-06,-5.990326e-07,-4.558807e-07,-1.057834e-04,-3.799319e-05,1.920568e-05,-9.986534e-13,-3.723805e-13,1.810134e-13,0.000000e+00,0.000000e+00,-9.341233e+00,0.000000e+00,0.000000e+00,9.102683e-06
0,1.645000e-01,5.324587e-06,-6.231817e-07,-4.372572e-07,-2.078700e-05,-4.829832e-05,3.724712e-05,-1.974431e-13,-4.696729e-13,3.510657e-13,0.000000e+00,0.000000e+00,-9.660035e+00,0.000000e+00,0.000000e+00,9.144545e-06
0,1.650000e-01,5.325094e-06,-6.310179e-07,-4.419857e-07,1.013317e-06,-1.567225e-05,-9.456986e-06,7.834937e-15,-1.625326e-13,-8.918134e-14,0.000000e+00,0.000000e+00,-3.177729e+00,0.000000e+00,0.000000e+00,9.389645e-06
0,1.655000e-01,5.322841e-06,-6.321894e-07,-4.079111e-07,-4.505556e-06,-2.343147e-06,6.814917e-05,-4.423066e-14,-3.692756e-14,6.423761e-13,0.000000e+00,0.000000e+00,-8.288248e-01,0.000000e+00,0.000000e+00,9.392131e-06
0,1.660000e-01,5.314494e-06,-6.469570e-07,-3.927931e-07,-1.669556e-05,-2.953502e-05,3.023591e-05,-1.591588e-13,-2.934919e-13,2.849251e-13,0.000000e+00,0.000000e+00,-6.139879e+00,0.000000e+00,0.000000e+00,9.541934e-06
0,1.665000e-01,5.311072e-06,-6.407606e-07,-3.940429e-07,-6.842495e-06,1.239274e-05,-2.499559e-06,-6.584232e-14,1.056388e-13,-2.359378e-14,0.000000e+00,0.000000e+00,1.919675e+00,0.000000e+00,0.000000e+00,7.074775e-06
0,1.670000e-01,5.310041e-06,-6.154736e-07,-4.194203e-07,-2.063571e-06,5.057405e-05,-5.075488e-05,-2.079558e-14,4.654838e-13,-4.784066e-13,0.000000e+00,0.000000e+00,9.115689e+00,0.000000e+00,0.000000e+00,7.069302e-06
0,1.675000e-01,5.359096e-06,-6.276452e-07,-4.069025e-07,9.811151e-05,-2.434336e-05,2.503568e-05,9.234509e-13,-2.410608e-13,2.360390e-13,0.000000e+00,0.000000e+00,-2.641157e+00,0.000000e+00,0.000000e+00,7.274502e-06
0,1.680000e-01,5.336124e-06,-5.954407e-07,-3.815517e-07,-4.594417e-05,6.440903e-05,5.070152e-05,-4.348978e-13,5.924027e-13,4.778788e-13,0.000000e+00,0.000000e+00,1.057382e+01,0.000000e+00,0.000000e+00,9.370561e-06
0,1.685000e-01,5.322500e-06,-5.574620e-07,-3.408564e-07,-2.724845e-05,7.595741e-05,8.139070e-05,-2.584542e-13,7.009801e-13,7.671230e-13,0.000000e+00,0.000000e+00,1.320018e+01,0.000000e+00,0.000000e+00,9.431962e-06
0,1.690000e-01,5.315691e-06,-5.499172e-07,-3.351256e-07,-1.361706e-05,1.508955e-05,1.146162e-05,-1.298175e-13,1.278772e-13,1.079463e-13,0.000000e+00,0.000000e+00,2.254769e+00,0.000000e+00,0.000000e+00,8.989429e-06
0,1.695000e-01,5.297422e-06,-5.636088e-07,-3.533556e-07,-3.653792e-05,-2.738319e-05,-3.646004e-05,-3.456164e-13,-2.700118e-13,-3.436805e-13,0.000000e+00,0.000000e+00,-6.037589e+00,0.000000e+00,0.000000e+00,7.474463e-06
0,1.700000e-01,5.303361e-06,-6.031264e-07,-3.547446e-07,1.187681e-05,-7.903509e-05,-2.778065e-06,1.107418e-13,-7.566725e-13,-2.614561e-14,0.000000e+00,0.000000e+00,-1.475155e+01,0.000000e+00,0.000000e+00,7.355015e-06
0,1.705000e-01,5.313004e-06,-6.087199e-07,-3.546143e-07,1.928636e-05,-1.118705e-05,2.605887e-07,1.804449e-13,-1.170812e-13,2.459331e-15,0.000000e+00,0.000000e+00,-1.908655e+00,0.000000e+00,0.000000e+00,7.370336e-06
0,1.710000e-01,5.322278e-06,-6.356965e-07,-3.570100e-07,1.854771e-05,-5.395312e-05,-4.791422e-06,1.734645e-13,-5.202625e-13,-4.516364e-14,0.000000e+00,0.000000e+00,-9.862570e+00,0.000000e+00,0.000000e+00,7.384441e-06
0,1.715000e-01,5.312037e-06,-6.143094e-07,-3.523958e-07,-2.048267e-05,4.277405e-05,9.228438e-06,-1.949176e-13,3.879205e-13,8.699139e-14,0.000000e+00,0.000000e+00,7.165139e+00,0.000000e+00,0.000000e+00,9.681948e-06
0,1.720000e-01,5.357913e-06,-6.017258e-07,-3.351772e-07,9.175342e-05,2.516734e-05,3.443733e-05,8.635239e-13,2.254593e-13,3.245919e-13,0.000000e+00,0.000000e+00,6.412383e+00,0.000000e+00,0.000000e+00,7.383997e-06
0,1.725000e-01,5.359737e-06,-6.143507e-07,-3.447501e-07,3.648106e-06,-2.524976e-05,-1.914598e-05,3.256295e-14,-2.533687e-13,-1.805055e-13,0.000000e+00,0.000000e+00,-4.882139e+00,0.000000e+00,0.000000e+00,9.742003e-06
0,1.730000e-01,5.354721e-06,-6.004259e-07,-3.600082e-07,-1.003302e-05,2.784944e-05,-3.051606e-05,-9.630920e-14,2.473948e-13,-2.876196e-13,0.000000e+00,0.000000e+00,4.617230e+00,0.000000e+00,0.000000e+00,9.622214e-06
0,1.735000e-01,5.372160e-06,-6.263702e-07,-3.825267e-07,3.487846e-05,-5.188852e-05,-4.503695e-05,3.270988e-13,-5.040392e-13,-4.244792e-13,0.000000e+00,0.000000e+00,-9.144092e+00,0.000000e+00,0.000000e+00,9.465401e-06
0,1.740000e-01,5.384506e-06,-6.425577e-07,-3.974067e-07,2.469128e-05,-3.237497e-05,-2.976011e-05,2.309551e-13,-3.200590e-13,-2.804656e-13,0.000000e+00,0.000000e+00,-5.712209e+00,0.000000e+00,0.000000e+00,9.530921e-06
0,1.745000e-01,5.350184e-06,-6.354144e-07,-3.929596e-07,-6.864306e-05,1.428660e-05,8.894143e-06,-6.488063e-13,1.199669e-13,8.386783e-14,0.000000e+00,0.000000e+00,8.258055e-01,0.000000e+00,0.000000e+00,9.417424e-06
0,1.750000e-01,5.335070e-06,-6.514664e-07,-3.656209e-07,-3.022897e-05,-3.210399e-05,5.467757e-05,-2.866526e-13,-3.177255e-13,5.153743e-13,0.000000e+00,0.000000e+00,-6.878230e+00,0.000000e+00,0.000000e+00,9.590945e-06
0,1.755000e-01,5.352724e-06,-6.746691e-07,-3.998371e-07,3.530795e-05,-4.640548e-05,-6.843246e-05,3.309713e-13,-4.526943e-13,-6.450961e-13,0.000000e+00,0.000000e+00,-8.078732e+00,0.000000e+00,0.000000e+00,9.708303e-06
0,1.760000e-01,5.382961e-06,-7.195572e-07,-3.787136e-07,6.047392e-05,-8.977608e-05,4.224701e-05,5.679884e-13,-8.619755e-13,3.982904e-13,0.000000e+00,0.000000e+00,-1.542134e+01,0.000000e+00,0.000000e+00,1.006212e-05
0,1.765000e-01,5.400600e-06,-7.256386e-07,-3.673167e-07,3.527903e-05,-1.216292e-05,2.279372e-05,3.305031e-13,-1.292568e-13,2.148043e-13,0.000000e+00,0.000000e+00,-1.649065e+00,0.000000e+00,0.000000e+00,9.433496e-06
0,1.770000e-01,5.392334e-06,-7.033719e-07,-3.711382e-07,-1.653246e-05,4.453337e-05,-7.642979e-06,-1.570178e-13,4.112499e-13,-7.206685e-14,0.000000e+00,0.000000e+00,7.528199e+00,0.000000e+00,0.000000e+00,5.489042e-06
0,1.775000e-01,5.366164e-06,-6.600150e-07,-3.821910e-07,-5.233913e-05,8.671387e-05,-2.210560e-05,-4.952436e-13,8.025897e-13,-2.083563e-13,0.000000e+00,0.000000e+00,1.427751e+01,0.000000e+00,0.000000e+00,9.445957e-06
0,1.780000e-01,5.355753e-06,-6.353947e-07,-3.916930e-07,-2.082361e-05,4.924052e-05,-1.900392e-05,-1.980611e-13,4.490975e-13,-1.791044e-13,0.000000e+00,0.000000e+00,8.273774e+00,0.000000e+00,0.000000e+00,9.527483e-06
0,1.785000e-01,5.369734e-06,-6.543018e-07,-3.986052e-07,2.796194e-05,-3.781404e-05,-1.382453e-05,2.617971e-13,-3.715865e-13,-1.302875e-13,0.000000e+00,0.000000e+00,-6.650806e+00,0.000000e+00,0.000000e+00,9.600785e-06
0,1.790000e-01,5.404991e-06,-6.735982e-07,-3.713780e-07,7.051594e-05,-3.859281e-05,5.445447e-05,6.628493e-13,-3.784573e-13,5.132964e-13,0.000000e+00,0.000000e+00,-5.796194e+00,0.000000e+00,0.000000e+00,9.394396e-06
0,1.795000e-01,5.406255e-06,-6.343892e-07,-3.818116e-07,2.527328e-06,7.841798e-05,-2.086725e-05,2.264436e-14,7.303712e-13,-1.967521e-13,0.000000e+00,0.000000e+00,1.417062e+01,0.000000e+00,0.000000e+00,5.672614e-06
0,1.800000e-01,5.422623e-06,-5.843005e-07,-4.126159e-07,3.273470e-05,1.001774e-04,-6.160857e-05,3.075200e-13,9.353922e-13,-5.806919e-13,0.000000e+00,0.000000e+00,1.880676e+01,0.000000e+00,0.000000e+00,5.633302e-06
0,1.805000e-01,5.397250e-06,-5.551655e-07,-3.961144e-07,-5.074599e-05,5.826996e-05,3.300311e-05,-4.793428e-13,5.400283e-13,3.111510e-13,0.000000e+00,0.000000e+00,9.447414e+00,0.000000e+00,0.000000e+00,5.847249e-06
0,1.810000e-01,5.441870e-06,-5.420292e-07,-3.952064e-07,8.924142e-05,2.627263e-05,1.815904e-06,8.397152e-13,2.328084e-13,1.708020e-14,0.000000e+00,0.000000e+00,6.209447e+00,0.000000e+00,0.000000e+00,9.429673e-06
0,1.815000e-01,5.430529e-06,-5.368194e-07,-4.411826e-07,-2.268160e-05,1.041948e-05,-9.195245e-05,-2.147352e-13,8.971939e-14,-8.667345e-13,0.000000e+00,0.000000e+00,1.319794e+00,0.000000e+00,0.000000e+00,5.444778e-06
0,1.820000e-01,5.460871e-06,-5.416828e-07,-4.574413e-07,6.068281e-05,-9.726624e-06,-3.251743e-05,5.711093e-13,-1.008422e-13,-3.064042e-13,0.000000e+00,0.000000e+00,-8.585772e-01,0.000000e+00,0.000000e+00,5.871953e-06
0,1.825000e-01,5.473068e-06,-5.482951e-07,-4.603187e-07,2.439511e-05,-1.322463e-05,-5.754791e-06,2.290798e-13,-1.326958e-13,-5.420820e-14,0.000000e+00,0.000000e+00,-2.115751e+00,0.000000e+00,0.000000e+00,5.197534e-06
0,1.830000e-01,5.475521e-06,-5.941822e-07,-4.244463e-07,4.905832e-06,-9.177420e-05,7.174491e-05,4.538063e-14,-8.733660e-13,6.762651e-13,0.000000e+00,0.000000e+00,-1.667424e+01,0.000000e+00,0.000000e+00,5.388221e-06
0,1.835000e-01,5.448831e-06,-5.962381e-07,-4.449003e-07,-5.338021e-05,-4.111787e-06,-4.090804e-05,-5.041182e-13,-4.747955e-14,-3.856730e-13,0.000000e+00,0.000000e+00,-1.958753e+00,0.000000e+00,0.000000e+00,5.720899e-06
0,1.840000e-01,5.458162e-06,-6.149773e-07,-4.695687e-07,1.866173e-05,-3.747838e-05,-4.933685e-05,1.749965e-13,-3.620842e-13,-4.649981e-13,0.000000e+00,0.000000e+00,-6.598292e+00,0.000000e+00,0.000000e+00,5.693570e-06
0,1.845000e-01,5.514328e-06,-6.453642e-07,-4.757461e-07,1.123320e-04,-6.077395e-05,-1.235466e-05,1.057831e-12,-5.814697e-13,-1.163993e-13,0.000000e+00,0.000000e+00,-8.873550e+00,0.000000e+00,0.000000e+00,5.604487e-06
0,1.850000e-01,5.524002e-06,-6.477424e-07,-4.923434e-07,1.934762e-05,-4.756296e-06,-3.319469e-05,1.811000e-13,-5.454660e-14,-3.128755e-13,0.000000e+00,0.000000e+00,-6.339823e-01,0.000000e+00,0.000000e+00,6.398729e-06
0,1.855000e-01,5.564306e-06,-6.297258e-07,-4.815232e-07,8.060792e-05,3.603312e-05,2.164044e-05,7.590654e-13,3.335626e-13,2.040166e-13,0.000000e+00,0.000000e+00,8.005524e+00,0.000000e+00,0.000000e+00,3.988813e-06
0,1.860000e-01,5.566140e-06,-6.385564e-07,-4.450267e-07,3.668886e-06,-1.766109e-05,7.299294e-05,3.384131e-14,-1.722767e-13,6.879987e-13,0.000000e+00,0.000000e+00,-3.170114e+00,0.000000e+00,0.000000e+00,3.802559e-06
0,1.865000e-01,5.587328e-06,-6.416492e-07,-4.705418e-07,4.237589e-05,-6.185645e-06,-5.103018e-05,3.987526e-13,-6.415427e-14,-4.810845e-13,0.000000e+00,0.000000e+00,-3.466703e-01,0.000000e+00,0.000000e+00,3.872945e-06
0,1.870000e-01,5.559987e-06,-6.382026e-07,-4.544888e-07,-5.468195e-05,6.893161e-06,3.210609e-05,-5.161340e-13,5.921603e-14,3.026842e-13,0.000000e+00,0.000000e+00,-1.092371e-03,0.000000e+00,0.000000e+00,3.819009e-06
0,1.875000e-01,5.550739e-06,-6.483487e-07,-4.597077e-07,-1.849663e-05,-2.029221e-05,-1.043779e-05,-1.749604e-13,-1.971479e-13,-9.842068e-14,0.000000e+00,0.000000e+00,-4.091096e+00,0.000000e+00,0.000000e+00,3.868691e-06
0,1.880000e-01,5.517611e-06,-6.514980e-07,-4.606875e-07,-6.625513e-05,-6.298681e-06,-1.959613e-06,-6.252162e-13,-6.554475e-14,-1.845960e-14,0.000000e+00,0.000000e+00,-2.613345e+00,0.000000e+00,0.000000e+00,4.080039e-06
0,1.885000e-01,5.543459e-06,-6.639845e-07,-5.049080e-07,5.169578e-05,-2.497283e-05,-8.844099e-05,4.861754e-13,-2.453400e-13,-8.336318e-13,0.000000e+00,0.000000e+00,-3.564149e+00,0.000000e+00,0.000000e+00,6.518554e-06
0,1.890000e-01,5.538745e-06,-6.582728e-07,-5.046955e-07,-9.428301e-06,1.142337e-05,4.249325e-07,-8.964363e-14,1.017186e-13,4.102608e-15,0.000000e+00,0.000000e+00,1.716185e+00,0.000000e+00,0.000000e+00,3.937875e-06
0,1.895000e-01,5.509689e-06,-6.654996e-07,-5.233241e-07,-5.811260e-05,-1.445364e-05,-3.725727e-05,-5.484612e-13,-1.422189e-13,-3.511829e-13,0.000000e+00,0.000000e+00,-3.917115e+00,0.000000e+00,0.000000e+00,3.923113e-06
0,1.900000e-01,5.523934e-06,-6.563663e-07,-5.451187e-07,2.849068e-05,1.826653e-05,-4.358910e-05,2.674206e-13,1.623176e-13,-4.108246e-13,0.000000e+00,0.000000e+00,3.693110e+00,0.000000e+00,0.000000e+00,6.461294e-06
0,1.905000e-01,5.541548e-06,-6.416798e-07,-5.629805e-07,3.522736e-05,2.937316e-05,-3.572357e-05,3.313231e-13,2.710042e-13,-3.366780e-13,0.000000e+00,0.000000e+00,5.878382e+00,0.000000e+00,0.000000e+00,3.830995e-06
0,1.910000e-01,5.531790e-06,-6.385596e-07,-5.582482e-07,-1.951479e-05,6.240393e-06,9.464525e-06,-1.846596e-13,5.294317e-14,8.925073e-14,0.000000e+00,0.000000e+00,5.969174e-01,0.000000e+00,0.000000e+00,3.841865e-06
0,1.915000e-01,5.528463e-06,-6.561785e-07,-5.581437e-07,-6.654698e-06,-3.523799e-05,2.089806e-07,-6.337973e-14,-3.380017e-13,1.959419e-15,0.000000e+00,0.000000e+00,-6.535476e+00,0.000000e+00,0.000000e+00,3.834943e-06
0,1.920000e-01,5.504986e-06,-6.593453e-07,-5.343627e-07,-4.695326e-05,-6.333408e-06,4.756194e-05,-4.432620e-13,-6.550285e-14,4.483127e-13,0.000000e+00,0.000000e+00,-2.235865e+00,0.000000e+00,0.000000e+00,3.834077e-06
0,1.925000e-01,5.482003e-06,-6.882259e-07,-5.108741e-07,-4.596645e-05,-5.776139e-05,4.697731e-05,-4.343711e-13,-5.540343e-13,4.427500e-13,0.000000e+00,0.000000e+00,-1.151492e+01,0.000000e+00,0.000000e+00,6.266795e-06
0,1.930000e-01,5.521582e-06,-7.207798e-07,-4.993821e-07,7.915685e-05,-6.510777e-05,2.298388e-05,7.449341e-13,-6.235048e-13,2.165916e-13,0.000000e+00,0.000000e+00,-1.009874e+01,0.000000e+00,0.000000e+00,6.432537e-06
0,1.935000e-01,5.508760e-06,-7.154778e-07,-4.708860e-07,-2.564344e-05,1.060403e-05,5.699239e-05,-2.425854e-13,9.399959e-14,5.371780e-13,0.000000e+00,0.000000e+00,1.176450e+00,0.000000e+00,0.000000e+00,3.959180e-06
0,1.940000e-01,5.495380e-06,-6.627860e-07,-4.780591e-07,-2.675923e-05,1.053837e-04,-1.434630e-05,-2.535263e-13,9.831186e-13,-1.352891e-13,0.000000e+00,0.000000e+00,1.799591e+01,0.000000e+00,0.000000e+00,6.689199e-06
0,1.945000e-01,5.465321e-06,-6.658568e-07,-4.582807e-07,-6.011776e-05,-6.141624e-06,3.955674e-05,-5.678478e-13,-6.807656e-14,3.728727e-13,0.000000e+00,0.000000e+00,-2.596485e+00,0.000000e+00,0.000000e+00,6.571003e-06
0,1.950000e-01,5.444153e-06,-6.728662e-07,-4.514266e-07,-4.233764e-05,-1.401886e-05,1.370822e-05,-4.001664e-13,-1.416799e-13,1.291685e-13,0.000000e+00,0.000000e+00,-3.642842e+00,0.000000e+00,0.000000e+00,6.197084e-06
0,1.955000e-01,5.462236e-06,-6.722594e-07,-4.679051e-07,3.616616e-05,1.213574e-06,-3.295705e-05,3.397648e-13,1.910129e-15,-3.106642e-13,0.000000e+00,0.000000e+00,8.422672e-01,0.000000e+00,0.000000e+00,6.174396e-06
0,1.960000e-01,5.443450e-06,-6.754104e-07,-4.668895e-07,-3.757086e-05,-6.302057e-06,2.031366e-06,-3.553321e-13,-6.878010e-14,1.918365e-14,0.000000e+00,0.000000e+00,-2.152556e+00,0.000000e+00,0.000000e+00,6.085001e-06
0,1.965000e-01,5.450935e-06,-6.792898e-07,-4.468367e-07,1.496992e-05,-7.758626e-06,4.010546e-05,1.399827e-13,-8.249992e-14,3.780270e-13,0.000000e+00,0.000000e+00,-1.250369e+00,0.000000e+00,0.000000e+00,6.064814e-06
0,1.970000e-01,5.439333e-06,-7.086126e-07,-4.669766e-07,-2.320507e-05,-5.864559e-05,-4.027974e-05,-2.199339e-13,-5.623208e-13,-3.797160e-13,0.000000e+00,0.000000e+00,-1.130242e+01,0.000000e+00,0.000000e+00,6.182862e-06
0,1.975000e-01,5.447551e-06,-6.837542e-07,-4.966814e-07,1.643618e-05,4.971662e-05,-5.940950e-05,1.536685e-13,4.588437e-13,-5.599424e-13,0.000000e+00,0.000000e+00,9.182764e+00,0.000000e+00,0.000000e+00,6.372979e-06
0,1.980000e-01,5.455440e-06,-6.822187e-07,-4.894340e-07,1.577821e-05,3.071166e-06,1.449469e-05,1.475289e-13,1.952037e-14,1.366905e-13,0.000000e+00,0.000000e+00,7.303834e-01,0.000000e+00,0.000000e+00,6.070456e-06
0,1.985000e-01,5.467605e-06,-7.030584e-07,-4.576423e-07,2.433122e-05,-4.167945e-05,6.358344e-05,2.281535e-13,-4.022428e-13,5.993138e-13,0.000000e+00,0.000000e+00,-7.155491e+00,0.000000e+00,0.000000e+00,6.078900e-06
0,1.990000e-01,5.472069e-06,-6.941757e-07,-4.762345e-07,8.927988e-06,1.776539e-05,-3.718441e-05,8.283853e-14,1.574770e-13,-3.505656e-13,0.000000e+00,0.000000e+00,3.208424e+00,0.000000e+00,0.000000e+00,6.519994e-06
0,1.995000e-01,5.514553e-06,-6.986701e-07,-4.848083e-07,8.496725e-05,-8.988811e-06,-1.714761e-05,7.996922e-13,-9.411908e-14,-1.615904e-13,0.000000e+00,0.000000e+00,1.402243e-01,0.000000e+00,0.000000e+00,6.098795e-06
0,2.000000e-01,5.488485e-06,-6.996026e-07,-4.522334e-07,-5.213657e-05,-1.865087e-06,6.514986e-05,-4.928014e-13,-2.763350e-14,6.141134e-13,0.000000e+00,0.000000e+00,-1.705373e+00,0.000000e+00,0.000000e+00,6.598820e-06
0,2.005000e-01,5.506493e-06,-6.693583e-07,-4.810219e-07,3.601703e-05,6.048870e-05,-5.757706e-05,3.382438e-13,5.599180e-13,-5.427860e-13,0.000000e+00,0.000000e+00,1.146992e+01,0.000000e+00,0.000000e+00,6.686469e-06
0,2.010000e-01,5.480644e-06,-6.859114e-07,-4.974641e-07,-5.169949e-05,-3.310615e-05,-3.288442e-05,-4.885767e-13,-3.221905e-13,-3.099012e-13,0.000000e+00,0.000000e+00,-7.243329e+00,0.000000e+00,0.000000e+00,6.585038e-06
0,2.015000e-01,5.491701e-06,-6.665301e-07,-5.324024e-07,2.211516e-05,3.876259e-05,-6.987666e-05,2.072520e-13,3.553430e-13,-6.586126e-13,0.000000e+00,0.000000e+00,7.265952e+00,0.000000e+00,0.000000e+00,6.556988e-06
0,2.020000e-01,5.493735e-06,-6.667942e-07,-5.481124e-07,4.067543e-06,-5.283042e-07,-3.142000e-05,3.711725e-14,-1.489785e-14,-2.960843e-13,0.000000e+00,0.000000e+00,-1.969923e-01,0.000000e+00,0.000000e+00,6.440648e-06
0,2.025000e-01,5.447374e-06,-6.358485e-07,-4.997677e-07,-9.272128e-05,6.189155e-05,9.668956e-05,-8.751575e-13,5.737132e-13,9.114185e-13,0.000000e+00,0.000000e+00,8.896797e+00,0.000000e+00,0.000000e+00,6.308637e-06
0,2.030000e-01,5.409277e-06,-6.221482e-07,-4.691982e-07,-7.619366e-05,2.740050e-05,6.113888e-05,-7.191336e-13,2.492664e-13,5.761813e-13,0.000000e+00,0.000000e+00,3.177604e+00,0.000000e+00,0.000000e+00,5.777064e-06
0,2.035000e-01,5.392696e-06,-6.205749e-07,-4.629035e-07,-3.316277e-05,3.146631e-06,1.258951e-05,-3.134667e-13,2.126286e-14,1.185999e-13,0.000000e+00,0.000000e+00,-2.858991e-01,0.000000e+00,0.000000e+00,5.367388e-06
0,2.040000e-01,5.371844e-06,-6.111914e-07,-4.865748e-07,-4.170319e-05,1.876697e-05,-4.734257e-05,-3.947419e-13,1.622128e-13,-4.462591e-13,0.000000e+00,0.000000e+00,2.267520e+00,0.000000e+00,0.000000e+00,9.388137e-06
0,2.045000e-01,5.386907e-06,-6.045498e-07,-4.781942e-07,3.012431e-05,1.328318e-05,1.676114e-05,2.823531e-13,1.107639e-13,1.580405e-13,0.000000e+00,0.000000e+00,2.786218e+00,0.000000e+00,0.000000e+00,9.185157e-06
0,2.050000e-01,5.369976e-06,-6.373277e-07,-4.590832e-07,-3.386099e-05,-6.555582e-05,3.822190e-05,-3.208214e-13,-6.323596e-13,3.602565e-13,0.000000e+00,0.000000e+00,-1.299883e+01,0.000000e+00,0.000000e+00,9.209317e-06
0,2.055000e-01,5.356513e-06,-6.435706e-07,-4.463870e-07,-2.692547e-05,-1.248566e-05,2.539247e-05,-2.554794e-13,-1.321125e-13,2.393043e-13,0.000000e+00,0.000000e+00,-3.166006e+00,0.000000e+00,0.000000e+00,9.240238e-06
0,2.060000e-01,5.310616e-06,-6.201308e-07,-4.765827e-07,-9.179444e-05,4.687950e-05,-6.039148e-05,-8.669984e-13,4.270379e-13,-5.692706e-13,0.000000e+00,0.000000e+00,6.303424e+00,0.000000e+00,0.000000e+00,9.449379e-06
0,2.065000e-01,5.344937e-06,-6.334472e-07,-4.423552e-07,6.864180e-05,-2.663287e-05,6.845514e-05,6.458069e-13,-2.622498e-13,6.453162e-13,0.000000e+00,0.000000e+00,-3.681488e+00,0.000000e+00,0.000000e+00,7.032417e-06
0,2.070000e-01,5.309334e-06,-6.334546e-07,-3.823245e-07,-7.120700e-05,-1.474344e-08,1.200614e-04,-6.730249e-13,-1.496861e-14,1.131609e-12,0.000000e+00,0.000000e+00,-1.854660e+00,0.000000e+00,0.000000e+00,9.427145e-06
0,2.075000e-01,5.284809e-06,-5.724105e-07,-3.916667e-07,-4.904929e-05,1.220882e-04,-1.868452e-05,-4.636113e-13,1.139414e-12,-1.762500e-13,0.000000e+00,0.000000e+00,2.135825e+01,0.000000e+00,0.000000e+00,7.169745e-06
0,2.080000e-01,5.298771e-06,-5.765252e-07,-3.472896e-07,2.792427e-05,-8.229389e-06,8.875421e-05,2.620131e-13,-8.925856e-14,8.366069e-13,0.000000e+00,0.000000e+00,-1.205414e+00,0.000000e+00,0.000000e+00,7.232670e-06
0,2.085000e-01,5.287026e-06,-5.611569e-07,-3.692130e-07,-2.349057e-05,3.073669e-05,-4.384681e-05,-2.227256e-13,2.780048e-13,-4.133923e-13,0.000000e+00,0.000000e+00,5.021401e+00,0.000000e+00,0.000000e+00,7.358774e-06
0,2.090000e-01,5.265498e-06,-5.793100e-07,-3.709338e-07,-4.305621e-05,-3.630626e-05,-3.441588e-06,-4.070615e-13,-3.539798e-13,-3.239178e-14,0.000000e+00,0.000000e+00,-7.880617e+00,0.000000e+00,0.000000e+00,7.340384e-06
0,2.095000e-01,5.273276e-06,-5.650721e-07,-3.985798e-07,1.555579e-05,2.847568e-05,-5.529191e-05,1.446244e-13,2.498162e-13,-5.211710e-13,0.000000e+00,0.000000e+00,5.289037e+00,0.000000e+00,0.000000e+00,1.162428e-05
0,2.100000e-01,5.266084e-06,-5.358958e-07,-3.685941e-07,-1.438219e-05,5.835271e-05,5.997135e-05,-1.375501e-13,5.316262e-13,5.653434e-13,0.000000e+00,0.000000e+00,1.028164e+01,0.000000e+00,0.000000e+00,1.146927e-05
0,2.105000e-01,5.272227e-06,-5.182761e-07,-3.611656e-07,1.228550e-05,3.523943e-05,1.485699e-05,1.138995e-13,3.132516e-13,1.399742e-13,0.000000e+00,0.000000e+00,6.478468e+00,0.000000e+00,0.000000e+00,1.173933e-05
0,2.110000e-01,5.289566e-06,-5.142732e-07,-3.830035e-07,3.467750e-05,8.005716e-06,-4.367587e-05,3.249990e-13,5.656878e-14,-4.116997e-13,0.000000e+00,0.000000e+00,1.764946e+00,0.000000e+00,0.000000e+00,1.174899e-05
0,2.115000e-01,5.282221e-06,-4.764155e-07,-3.563188e-07,-1.469068e-05,7.571535e-05,5.336952e-05,-1.396283e-13,7.021802e-13,5.031026e-13,0.000000e+00,0.000000e+00,1.368202e+01,0.000000e+00,0.000000e+00,7.185103e-06
0,2.120000e-01,5.281859e-06,-4.763490e-07,-3.607581e-07,-7.234415e-07,1.330418e-07,-8.878680e-06,-7.892948e-15,-1.091484e-14,-8.374803e-14,0.000000e+00,0.000000e+00,-2.300034e-01,0.000000e+00,0.000000e+00,7.534274e-06
0,2.125000e-01,5.274649e-06,-4.680190e-07,-3.564373e-07,-1.442074e-05,1.666001e-05,8.641627e-06,-1.370173e-13,1.449495e-13,8.146468e-14,0.000000e+00,0.000000e+00,2.641754e+00,0.000000e+00,0.000000e+00,7.533754e-06
0,2.130000e-01,5.295043e-06,-4.500191e-07,-3.838250e-07,4.078973e-05,3.599986e-05,-5.477532e-05,3.827950e-13,3.201543e-13,-5.163149e-13,0.000000e+00,0.000000e+00,7.067236e+00,0.000000e+00,0.000000e+00,1.192297e-05
0,2.135000e-01,5.300764e-06,-4.437255e-07,-3.781046e-07,1.144163e-05,1.258725e-05,1.144063e-05,1.067853e-13,1.066366e-13,1.078982e-13,0.000000e+00,0.000000e+00,2.302634e+00,0.000000e+00,0.000000e+00,7.473253e-06
0,2.140000e-01,5.316665e-06,-4.536332e-07,-4.044727e-07,3.180230e-05,-1.981552e-05,-5.273607e-05,2.987351e-13,-1.989395e-13,-4.970963e-13,0.000000e+00,0.000000e+00,-3.456612e+00,0.000000e+00,0.000000e+00,7.590497e-06
0,2.145000e-01,5.327749e-06,-4.832483e-07,-3.887077e-07,2.216682e-05,-5.923014e-05,3.152994e-05,2.078854e-13,-5.702439e-13,2.972554e-13,0.000000e+00,0.000000e+00,-1.094563e+01,0.000000e+00,0.000000e+00,7.503982e-06
0,2.150000e-01,5.338542e-06,-5.094575e-07,-4.015735e-07,2.158730e-05,-5.241850e-05,-2.573167e-05,2.023022e-13,-5.067326e-13,-2.425783e-13,0.000000e+00,0.000000e+00,-9.647004e+00,0.000000e+00,0.000000e+00,7.990357e-06
0,2.155000e-01,5.368178e-06,-5.385970e-07,-3.589612e-07,5.927186e-05,-5.827883e-05,8.522466e-05,5.574032e-13,-5.624998e-13,8.033455e-13,0.000000e+00,0.000000e+00,-1.003102e+01,0.000000e+00,0.000000e+00,8.341950e-06
0,2.160000e-01,5.374665e-06,-5.827593e-07,-3.435063e-07,1.297357e-05,-8.832461e-05,3.090979e-05,1.207514e-13,-8.471314e-13,2.912582e-13,0.000000e+00,0.000000e+00,-1.633903e+01,0.000000e+00,0.000000e+00,9.303651e-06
0,2.165000e-01,5.387871e-06,-5.558112e-07,-3.209577e-07,2.641195e-05,5.389619e-05,4.509717e-05,2.472990e-13,4.929672e-13,4.250464e-13,0.000000e+00,0.000000e+00,1.013891e+01,0.000000e+00,0.000000e+00,9.642430e-06
0,2.170000e-01,5.423738e-06,-5.556026e-07,-3.193696e-07,7.173278e-05,4.172148e-07,3.176308e-06,6.745491e-13,-1.130896e-14,2.988991e-14,0.000000e+00,0.000000e+00,1.136651e+00,0.000000e+00,0.000000e+00,9.676682e-06
0,2.175000e-01,5.370212e-06,-5.836443e-07,-3.461428e-07,-1.070516e-04,-5.608339e-05,-5.354635e-05,-1.010109e-12,-5.381543e-13,-5.047248e-13,0.000000e+00,0.000000e+00,-1.242007e+01,0.000000e+00,0.000000e+00,6.106118e-06
0,2.180000e-01,5.381452e-06,-5.632608e-07,-3.714287e-07,2.248089e-05,4.076696e-05,-5.057183e-05,2.103735e-13,3.691777e-13,-4.766250e-13,0.000000e+00,0.000000e+00,7.653086e+00,0.000000e+00,0.000000e+00,9.634703e-06
0,2.185000e-01,5.390890e-06,-5.667205e-07,-3.758833e-07,1.887480e-05,-6.919383e-06,-8.909257e-06,1.763184e-13,-8.025029e-14,-8.392196e-14,0.000000e+00,0.000000e+00,-1.204123e+00,0.000000e+00,0.000000e+00,9.542062e-06
0,2.190000e-01,5.410290e-06,-5.566843e-07,-3.939799e-07,3.879994e-05,2.007225e-05,-3.619312e-05,3.641276e-13,1.742225e-13,-3.411422e-13,0.000000e+00,0.000000e+00,4.136145e+00,0.000000e+00,0.000000e+00,9.559250e-06
0,2.195000e-01,5.404774e-06,-5.870339e-07,-4.159063e-07,-1.103047e-05,-6.069915e-05,-4.385285e-05,-1.049672e-13,-5.814241e-13,-4.133118e-13,0.000000e+00,0.000000e+00,-1.149082e+01,0.000000e+00,0.000000e+00,5.925639e-06
0,2.200000e-01,5.404645e-06,-6.136170e-07,-4.196600e-07,-2.578157e-07,-5.316620e-05,-7.507440e-06,-3.407045e-15,-5.101773e-13,-7.071599e-14,0.000000e+00,0.000000e+00,-9.906065e+00,0.000000e+00,0.000000e+00,5.828540e-06
0,2.205000e-01,5.367322e-06,-6.133023e-07,-3.905861e-07,-7.464642e-05,6.294838e-07,5.814781e-05,-7.046410e-13,-3.109180e-15,5.481024e-13,0.000000e+00,0.000000e+00,-1.611799e+00,0.000000e+00,0.000000e+00,5.831549e-06
0,2.210000e-01,5.379988e-06,-6.503491e-07,-4.316645e-07,2.533163e-05,-7.409360e-05,-8.215679e-05,2.371501e-13,-7.133176e-13,-7.744637e-13,0.000000e+00,0.000000e+00,-1.338922e+01,0.000000e+00,0.000000e+00,9.495844e-06
0,2.215000e-01,5.407505e-06,-6.997971e-07,-4.188355e-07,5.503409e-05,-9.889597e-05,2.565796e-05,5.169648e-13,-9.465926e-13,2.419391e-13,0.000000e+00,0.000000e+00,-1.718449e+01,0.000000e+00,0.000000e+00,9.259870e-06
0,2.220000e-01,5.380877e-06,-7.364747e-07,-3.957191e-07,-5.325645e-05,-7.335523e-05,4.623284e-05,-5.031747e-13,-7.000252e-13,4.357568e-13,0.000000e+00,0.000000e+00,-1.476616e+01,0.000000e+00,0.000000e+00,5.596377e-06
0,2.225000e-01,5.392806e-06,-7.745441e-07,-3.962481e-07,2.385865e-05,-7.613881e-05,-1.058044e-06,2.229641e-13,-7.320845e-13,-1.002383e-14,0.000000e+00,0.000000e+00,-1.357967e+01,0.000000e+00,0.000000e+00,9.297171e-06
0,2.230000e-01,5.414148e-06,-7.731858e-07,-3.771272e-07,4.268345e-05,2.716475e-06,3.824191e-05,4.002935e-13,1.169947e-14,3.604647e-13,0.000000e+00,0.000000e+00,1.332135e+00,0.000000e+00,0.000000e+00,9.012363e-06
0,2.235000e-01,5.420445e-06,-7.915495e-07,-3.950050e-07,1.259405e-05,-3.672733e-05,-3.575566e-05,1.174917e-13,-3.543923e-13,-3.370705e-13,0.000000e+00,0.000000e+00,-6.483169e+00,0.000000e+00,0.000000e+00,5.303492e-06
0,2.240000e-01,5.440302e-06,-7.854027e-07,-3.767735e-07,3.971440e-05,1.229355e-05,3.646288e-05,3.731274e-13,1.076875e-13,3.437340e-13,0.000000e+00,0.000000e+00,3.107147e+00,0.000000e+00,0.000000e+00,5.332845e-06
0,2.245000e-01,5.426001e-06,-8.234850e-07,-3.950665e-07,-2.860171e-05,-7.616448e-05,-3.658588e-05,-2.712475e-13,-7.290659e-13,-3.448941e-13,0.000000e+00,0.000000e+00,-1.467486e+01,0.000000e+00,0.000000e+00,7.237942e-06
0,2.250000e-01,5.462885e-06,-8.044454e-07,-3.949119e-07,7.376690e-05,3.807905e-05,3.091822e-07,6.941534e-13,3.511324e-13,2.954542e-15,0.000000e+00,0.000000e+00,8.722635e+00,0.000000e+00,0.000000e+00,5.119385e-06
0,2.255000e-01,5.518234e-06,-7.957566e-07,-4.305612e-07,1.106994e-04,1.737774e-05,-7.129858e-05,1.041742e-12,1.527888e-13,-6.720521e-13,0.000000e+00,0.000000e+00,5.821163e+00,0.000000e+00,0.000000e+00,7.165643e-06
0,2.260000e-01,5.503375e-06,-7.743177e-07,-4.394918e-07,-2.971858e-05,4.287779e-05,-1.786123e-05,-2.817593e-13,3.936432e-13,-1.682794e-13,0.000000e+00,0.000000e+00,6.649274e+00,0.000000e+00,0.000000e+00,6.920781e-06
0,2.265000e-01,5.524806e-06,-7.447737e-07,-4.433584e-07,4.286218e-05,5.908798e-05,-7.733255e-06,4.025932e-13,5.465806e-13,-7.287308e-14,0.000000e+00,0.000000e+00,1.140370e+01,0.000000e+00,0.000000e+00,6.783815e-06
0,2.270000e-01,5.536712e-06,-7.565610e-07,-4.319825e-07,2.381216e-05,-2.357459e-05,2.275183e-05,2.236092e-13,-2.281677e-13,2.144645e-13,0.000000e+00,0.000000e+00,-3.733371e+00,0.000000e+00,0.000000e+00,3.878460e-06
0,2.275000e-01,5.528921e-06,-7.412392e-07,-4.382001e-07,-1.558287e-05,3.064364e-05,-1.243511e-05,-1.477133e-13,2.829789e-13,-1.172368e-13,0.000000e+00,0.000000e+00,4.942785e+00,0.000000e+00,0.000000e+00,3.887771e-06
0,2.280000e-01,5.533047e-06,-7.169116e-07,-3.981826e-07,8.252263e-06,4.865513e-05,8.003496e-05,7.698013e-14,4.524536e-13,7.544134e-13,0.000000e+00,0.000000e+00,8.723679e+00,0.000000e+00,0.000000e+00,4.037642e-06
0,2.285000e-01,5.526541e-06,-7.016186e-07,-3.846297e-07,-1.301233e-05,3.058607e-05,2.710584e-05,-1.234694e-13,2.820132e-13,2.554083e-13,0.000000e+00,0.000000e+00,5.017408e+00,0.000000e+00,0.000000e+00,4.104319e-06
0,2.290000e-01,5.490473e-06,-6.869334e-07,-3.932690e-07,-7.213531e-05,2.937033e-05,-1.727871e-05,-6.807251e-13,2.704999e-13,-1.628968e-13,0.000000e+00,0.000000e+00,3.478243e+00,0.000000e+00,0.000000e+00,4.145269e-06
0,2.295000e-01,5.477476e-06,-6.823536e-07,-3.969852e-07,-2.599457e-05,9.159607e-06,-7.432251e-06,-2.462452e-13,7.589142e-14,-7.003648e-14,0.000000e+00,0.000000e+00,8.581217e-01,0.000000e+00,0.000000e+00,6.796250e-06
0,2.300000e-01,5.457358e-06,-7.092996e-07,-3.795979e-07,-4.023569e-05,-5.389204e-05,3.477460e-05,-3.804364e-13,-5.176894e-13,3.277893e-13,0.000000e+00,0.000000e+00,-1.077746e+01,0.000000e+00,0.000000e+00,6.314500e-06
0,2.305000e-01,5.466733e-06,-6.932611e-07,-3.913068e-07,1.875020e-05,3.207710e-05,-2.341789e-05,1.754381e-13,2.920792e-13,-2.207724e-13,0.000000e+00,0.000000e+00,6.018353e+00,0.000000e+00,0.000000e+00,6.712577e-06
0,2.310000e-01,5.469637e-06,-7.315699e-07,-4.195191e-07,5.807018e-06,-7.661774e-05,-5.642452e-05,5.348593e-14,-7.319214e-13,-5.318248e-13,0.000000e+00,0.000000e+00,-1.384905e+01,0.000000e+00,0.000000e+00,6.303863e-06
0,2.315000e-01,5.494472e-06,-7.277612e-07,-4.187305e-07,4.967150e-05,7.617499e-06,1.577138e-06,4.668294e-13,6.170555e-14,1.492796e-14,0.000000e+00,0.000000e+00,2.364040e+00,0.000000e+00,0.000000e+00,6.633459e-06
0,2.320000e-01,5.484725e-06,-6.900526e-07,-4.072676e-07,-1.949411e-05,7.541727e-05,2.292580e-05,-1.852015e-13,7.003122e-13,2.160940e-13,0.000000e+00,0.000000e+00,1.282376e+01,0.000000e+00,0.000000e+00,6.905247e-06
0,2.325000e-01,5.518702e-06,-6.641510e-07,-3.545000e-07,6.795345e-05,5.180315e-05,1.055352e-04,6.392323e-13,4.777946e-13,9.947365e-13,0.000000e+00,0.000000e+00,1.063089e+01,0.000000e+00,0.000000e+00,6.789722e-06
0,2.330000e-01,5.505556e-06,-6.259961e-07,-3.442013e-07,-2.629292e-05,7.630974e-05,2.059744e-05,-2.486795e-13,7.128240e-13,1.940329e-13,0.000000e+00,0.000000e+00,1.294176e+01,0.000000e+00,0.000000e+00,4.196863e-06
0,2.335000e-01,5.533419e-06,-5.828009e-07,-3.491002e-07,5.572762e-05,8.639036e-05,-9.797893e-06,5.241426e-13,8.039485e-13,-9.237638e-14,0.000000e+00,0.000000e+00,1.642948e+01,0.000000e+00,0.000000e+00,6.704470e-06
0,2.340000e-01,5.545802e-06,-5.832829e-07,-3.548833e-07,2.476591e-05,-9.640072e-07,-1.156617e-05,2.326915e-13,-1.571015e-14,-1.090105e-13,0.000000e+00,0.000000e+00,1.687514e-01,0.000000e+00,0.000000e+00,4.274623e-06
0,2.345000e-01,5.548172e-06,-5.950409e-07,-3.611217e-07,4.738638e-06,-2.351587e-05,-1.247678e-05,4.395193e-14,-2.281854e-13,-1.175919e-13,0.000000e+00,0.000000e+00,-4.229918e+00,0.000000e+00,0.000000e+00,4.284123e-06
0,2.350000e-01,5.529736e-06,-6.109249e-07,-3.914915e-07,-3.687037e-05,-3.176815e-05,-6.073970e-05,-3.482408e-13,-3.059442e-13,-5.725112e-13,0.000000e+00,0.000000e+00,-6.490203e+00,0.000000e+00,0.000000e+00,4.286887e-06
0,2.355000e-01,5.529516e-06,-6.256113e-07,-3.799290e-07,-4.401244e-07,-2.937270e-05,2.312516e-05,-4.818450e-15,-2.832590e-13,2.180417e-13,0.000000e+00,0.000000e+00,-5.379778e+00,0.000000e+00,0.000000e+00,4.212205e-06
0,2.360000e-01,5.533536e-06,-6.358773e-07,-3.921143e-07,8.039555e-06,-2.053210e-05,-2.437068e-05,7.505705e-14,-1.998936e-13,-2.297405e-13,0.000000e+00,0.000000e+00,-3.626486e+00,0.000000e+00,0.000000e+00,4.189870e-06
0,2.365000e-01,5.532957e-06,-6.333390e-07,-3.959592e-07,-1.158093e-06,5.076720e-06,-7.689825e-06,-1.164872e-14,4.157613e-14,-7.245655e-14,0.000000e+00,0.000000e+00,7.609860e-01,0.000000e+00,0.000000e+00,4.132994e-06
0,2.370000e-01,5.551068e-06,-6.375718e-07,-4.473164e-07,3.622094e-05,-8.465682e-06,-1.027145e-04,3.406944e-13,-8.610136e-14,-9.681654e-13,0.000000e+00,0.000000e+00,-8.913904e-01,0.000000e+00,0.000000e+00,4.132352e-06
0,2.375000e-01,5.542500e-06,-6.402830e-07,-4.691544e-07,-1.713600e-05,-5.422399e-06,-4.367589e-05,-1.622735e-13,-5.729940e-14,-4.115706e-13,0.000000e+00,0.000000e+00,-1.432495e+00,0.000000e+00,0.000000e+00,4.079372e-06
0,2.380000e-01,5.495571e-06,-6.766730e-07,-4.662308e-07,-9.385638e-05,-7.278003e-05,5.847262e-06,-8.853632e-13,-6.920975e-13,5.516360e-14,0.000000e+00,0.000000e+00,-1.500535e+01,0.000000e+00,0.000000e+00,4.001372e-06
0,2.385000e-01,5.466144e-06,-7.206525e-07,-4.875044e-07,-5.885452e-05,-8.795894e-05,-4.254723e-05,-5.558919e-13,-8.390777e-13,-4.010514e-13,0.000000e+00,0.000000e+00,-1.725970e+01,0.000000e+00,0.000000e+00,6.573223e-06
0,2.390000e-01,5.476921e-06,-6.973363e-07,-4.612230e-07,2.155290e-05,4.663235e-05,5.256272e-05,2.019221e-13,4.298057e-13,4.954966e-13,0.000000e+00,0.000000e+00,8.705312e+00,0.000000e+00,0.000000e+00,6.405683e-06
0,2.395000e-01,5.464668e-06,-6.605269e-07,-4.719761e-07,-2.450571e-05,7.361884e-05,-2.150619e-05,-2.322263e-13,6.843306e-13,-2.027725e-13,0.000000e+00,0.000000e+00,1.248182e+01,0.000000e+00,0.000000e+00,6.214420e-06
0,2.400000e-01,5.433087e-06,-7.051704e-07,-4.616468e-07,-6.316253e-05,-8.928694e-05,2.065871e-05,-5.964153e-13,-8.506239e-13,1.947501e-13,0.000000e+00,0.000000e+00,-1.765411e+01,0.000000e+00,0.000000e+00,5.798220e-06
0,2.405000e-01,5.420525e-06,-6.898431e-07,-4.829738e-07,-2.512261e-05,3.065448e-05,-4.265399e-05,-2.378074e-13,2.807676e-13,-4.020740e-13,0.000000e+00,0.000000e+00,4.796893e+00,0.000000e+00,0.000000e+00,5.351347e-06
0,2.410000e-01,5.399779e-06,-6.560793e-07,-4.858322e-07,-4.149283e-05,6.752774e-05,-5.716882e-06,-3.921487e-13,6.280668e-13,-5.383973e-14,0.000000e+00,0.000000e+00,1.113602e+01,0.000000e+00,0.000000e+00,5.420568e-06
0,2.415000e-01,5.394288e-06,-6.964835e-07,-4.780257e-07,-1.098078e-05,-8.080849e-05,1.561291e-05,-1.044737e-13,-7.701256e-13,1.471716e-13,0.000000e+00,0.000000e+00,-1.515518e+01,0.000000e+00,0.000000e+00,5.362017e-06
0,2.420000e-01,5.381995e-06,-6.820630e-07,-4.614472e-07,-2.458590e-05,2.884098e-05,3.315707e-05,-2.335845e-13,2.575898e-13,3.125173e-13,0.000000e+00,0.000000e+00,4.397844e+00,0.000000e+00,0.000000e+00,9.211869e-06
0,2.425000e-01,5.356977e-06,-6.781939e-07,-4.633808e-07,-5.003776e-05,7.738262e-06,-3.867283e-06,-4.734747e-13,5.829514e-14,-3.648899e-14,0.000000e+00,0.000000e+00,-3.259811e-02,0.000000e+00,0.000000e+00,9.353478e-06
0,2.430000e-01,5.377633e-06,-6.561513e-07,-4.680302e-07,4.131322e-05,4.408521e-05,-9.298680e-06,3.875342e-13,4.002552e-13,-8.764396e-14,0.000000e+00,0.000000e+00,8.758050e+00,0.000000e+00,0.000000e+00,9.733648e-06
0,2.435000e-01,5.376956e-06,-6.766565e-07,-4.596448e-07,-1.354257e-06,-4.101047e-05,1.677074e-05,-1.454732e-14,-4.008427e-13,1.580892e-13,0.000000e+00,0.000000e+00,-7.825348e+00,0.000000e+00,0.000000e+00,9.093416e-06
0,2.440000e-01,5.364630e-06,-6.868145e-07,-4.969993e-07,-2.465186e-05,-2.031599e-05,-7.470902e-05,-2.342031e-13,-2.060655e-13,-7.042165e-13,0.000000e+00,0.000000e+00,-4.575761e+00,0.000000e+00,0.000000e+00,9.343689e-06
0,2.445000e-01,5.366910e-06,-6.850100e-07,-4.671629e-07,4.560237e-06,3.609016e-06,5.967277e-05,4.117389e-14,1.968840e-14,5.625504e-13,0.000000e+00,0.000000e+00,4.851417e-01,0.000000e+00,0.000000e+00,9.159960e-06
0,2.450000e-01,5.361623e-06,-6.550267e-07,-4.401982e-07,-1.057525e-05,5.996660e-05,5.392947e-05,-1.015179e-13,5.508810e-13,5.082670e-13,0.000000e+00,0.000000e+00,1.046310e+01,0.000000e+00,0.000000e+00,9.163403e-06
0,2.455000e-01,5.367602e-06,-6.326719e-07,-4.178488e-07,1.195857e-05,4.470963e-05,4.469875e-05,1.109614e-13,4.068713e-13,4.212657e-13,0.000000e+00,0.000000e+00,8.197955e+00,0.000000e+00,0.000000e+00,9.229682e-06
0,2.460000e-01,5.342771e-06,-6.616543e-07,-4.180920e-07,-4.966199e-05,-5.796476e-05,-4.862632e-07,-4.698577e-13,-5.611525e-13,-4.632606e-15,0.000000e+00,0.000000e+00,-1.201786e+01,0.000000e+00,0.000000e+00,9.386250e-06
0,2.465000e-01,5.336748e-06,-6.815397e-07,-3.744454e-07,-1.204615e-05,-3.977074e-05,8.729313e-05,-1.153600e-13,-3.899026e-13,8.228149e-13,0.000000e+00,0.000000e+00,-7.906090e+00,0.000000e+00,0.000000e+00,9.583470e-06
0,2.470000e-01,5.356485e-06,-7.071349e-07,-3.481031e-07,3.947454e-05,-5.119055e-05,5.268467e-05,3.700474e-13,-4.985091e-13,4.965033e-13,0.000000e+00,0.000000e+00,-8.827507e+00,0.000000e+00,0.000000e+00,1.018168e-05
0,2.475000e-01,5.357859e-06,-7.107372e-07,-3.351745e-07,2.748477e-06,-7.204471e-06,2.585701e-05,2.367164e-14,-8.445457e-14,2.436671e-13,0.000000e+00,0.000000e+00,-1.584211e+00,0.000000e+00,0.000000e+00,1.059097e-05
0,2.480000e-01,5.376039e-06,-7.560299e-07,-2.903359e-07,3.635919e-05,-9.058542e-05,8.967736e-05,3.404833e-13,-8.706569e-13,8.452593e-13,0.000000e+00,0.000000e+00,-1.606302e+01,0.000000e+00,0.000000e+00,1.073290e-05
0,2.485000e-01,5.353952e-06,-7.360773e-07,-2.779168e-07,-4.417480e-05,3.990509e-05,2.483813e-05,-4.184724e-13,3.616898e-13,2.340226e-13,0.000000e+00,0.000000e+00,5.858541e+00,0.000000e+00,0.000000e+00,9.336982e-06
0,2.490000e-01,5.340156e-06,-7.202677e-07,-3.005947e-07,-2.759208e-05,3.161935e-05,-4.535581e-05,-2.623681e-13,2.809973e-13,-4.275456e-13,0.000000e+00,0.000000e+00,4.764010e+00,0.000000e+00,0.000000e+00,1.085446e-05
0,2.495000e-01,5.339509e-06,-7.208147e-07,-3.273372e-07,-1.293721e-06,-1.094162e-06,-5.348490e-05,-1.445764e-14,-2.735269e-14,-5.040922e-13,0.000000e+00,0.000000e+00,-5.711463e-01,0.000000e+00,0.000000e+00,1.082272e-05
0,2.500000e-01,5.335162e-06,-7.273030e-07,-3.136908e-07,-8.694275e-06,-1.297654e-05,2.729265e-05,-8.421935e-14,-1.391264e-13,2.573160e-13,0.000000e+00,0.000000e+00,-2.936714e+00,0.000000e+00,0.000000e+00,1.069944e-05
0,2.505000e-01,5.335974e-06,-7.219452e-07,-3.029302e-07,1.624996e-06,1.071566e-05,2.152136e-05,1.303509e-14,8.420952e-14,2.028277e-13,0.000000e+00,0.000000e+00,1.678361e+00,0.000000e+00,0.000000e+00,1.069261e-05
0,2.510000e-01,5.343085e-06,-7.176326e-07,-3.065127e-07,1.422184e-05,8.625219e-06,-7.165182e-06,1.317769e-13,6.447694e-14,-6.756179e-14,0.000000e+00,0.000000e+00,1.607244e+00,0.000000e+00,0.000000e+00,1.069278e-05
0,2.515000e-01,5.336226e-06,-7.331054e-07,-2.621940e-07,-1.371793e-05,-3.094562e-05,8.863755e-05,-1.315774e-13,-3.085129e-13,8.354946e-13,0.000000e+00,0.000000e+00,-6.361659e+00,0.000000e+00,0.000000e+00,1.070563e-05
0,2.520000e-01,5.336183e-06,-7.157196e-07,-2.493926e-07,-8.525522e-08,3.477148e-05,2.560269e-05,-3.123856e-15,3.107870e-13,2.412304e-13,0.000000e+00,0.000000e+00,6.055300e+00,0.000000e+00,0.000000e+00,1.081837e-05
0,2.525000e-01,5.345011e-06,-7.171807e-07,-2.704434e-07,1.765565e-05,-2.922151e-06,-4.210149e-05,1.641169e-13,-4.475441e-14,-3.968717e-13,0.000000e+00,0.000000e+00,-4.434088e-01,0.000000e+00,0.000000e+00,1.091931e-05
0,2.530000e-01,5.352123e-06,-7.055405e-07,-2.625985e-07,1.422320e-05,2.328048e-05,1.568971e-05,1.317649e-13,2.024360e-13,1.479356e-13,0.000000e+00,0.000000e+00,4.291711e+00,0.000000e+00,0.000000e+00,1.083155e-05
0,2.535000e-01,5.364471e-06,-7.113866e-07,-2.407479e-07,2.469599e-05,-1.169230e-05,4.370132e-05,2.305232e-13,-1.272473e-13,4.119060e-13,0.000000e+00,0.000000e+00,-1.886621e+00,0.000000e+00,0.000000e+00,1.084263e-05
0,2.540000e-01,5.372523e-06,-7.053442e-07,-2.491365e-07,1.610505e-05,1.208487e-05,-1.677721e-05,1.497587e-13,9.870273e-14,-1.581880e-13,0.000000e+00,0.000000e+00,2.304057e+00,0.000000e+00,0.000000e+00,9.725385e-06
0,2.545000e-01,5.404059e-06,-7.093180e-07,-3.080688e-07,6.307078e-05,-7.947590e-06,-1.178646e-04,5.924811e-13,-9.014966e-14,-1.110959e-12,0.000000e+00,0.000000e+00,-2.397189e-01,0.000000e+00,0.000000e+00,9.738312e-06
0,2.550000e-01,5.433616e-06,-7.423048e-07,-3.410327e-07,5.911397e-05,-6.597365e-05,-6.592781e-05,5.559970e-13,-6.304953e-13,-6.212978e-13,0.000000e+00,0.000000e+00,-1.075964e+01,0.000000e+00,0.000000e+00,5.562018e-06
0,2.555000e-01,5.423394e-06,-7.600819e-07,-3.559805e-07,-2.044321e-05,-3.555412e-05,-2.989566e-05,-1.939403e-13,-3.436949e-13,-2.817203e-13,0.000000e+00,0.000000e+00,-7.096722e+00,0.000000e+00,0.000000e+00,5.596382e-06
0,2.560000e-01,5.423534e-06,-7.573300e-07,-3.578219e-07,2.799990e-07,5.503762e-06,-3.682880e-06,1.511784e-15,4.371181e-14,-3.468150e-14,0.000000e+00,0.000000e+00,8.418609e-01,0.000000e+00,0.000000e+00,5.310590e-06
0,2.565000e-01,5.440532e-06,-7.545117e-07,-3.559340e-07,3.399502e-05,5.636673e-06,3.775884e-06,3.192868e-13,4.491890e-14,3.559507e-14,0.000000e+00,0.000000e+00,1.717427e+00,0.000000e+00,0.000000e+00,5.310355e-06
0,2.570000e-01,5.472825e-06,-7.987844e-07,-3.530935e-07,6.458732e-05,-8.854557e-05,5.681063e-06,6.072852e-13,-8.452225e-13,5.354485e-14,0.000000e+00,0.000000e+00,-1.455937e+01,0.000000e+00,0.000000e+00,6.877245e-06
0,2.575000e-01,5.478880e-06,-7.910671e-07,-3.569243e-07,1.210922e-05,1.543466e-05,-7.661612e-06,1.124441e-13,1.344493e-13,-7.222366e-14,0.000000e+00,0.000000e+00,2.861796e+00,0.000000e+00,0.000000e+00,7.282854e-06
0,2.580000e-01,5.487047e-06,-7.811326e-07,-3.699641e-07,1.633518e-05,1.986903e-05,-2.607966e-05,1.523970e-13,1.764399e-13,-2.458152e-13,0.000000e+00,0.000000e+00,3.764476e+00,0.000000e+00,0.000000e+00,7.086604e-06
0,2.585000e-01,5.466877e-06,-7.818759e-07,-3.560405e-07,-4.034160e-05,-1.486704e-06,2.784719e-05,-3.817889e-13,-2.468422e-14,2.625128e-13,0.000000e+00,0.000000e+00,-1.497317e+00,0.000000e+00,0.000000e+00,6.976924e-06
0,2.590000e-01,5.475595e-06,-7.305961e-07,-3.949734e-07,1.743713e-05,1.025596e-04,-7.786591e-05,1.628899e-13,9.561255e-13,-7.339852e-13,0.000000e+00,0.000000e+00,1.862565e+01,0.000000e+00,0.000000e+00,6.914688e-06
0,2.595000e-01,5.475130e-06,-7.646909e-07,-4.288317e-07,-9.308870e-07,-6.818955e-05,-6.771654e-05,-1.015200e-14,-6.530400e-13,-6.382022e-13,0.000000e+00,0.000000e+00,-1.245507e+01,0.000000e+00,0.000000e+00,6.640403e-06
0,2.600000e-01,5.491048e-06,-7.855345e-07,-4.288328e-07,3.183670e-05,-4.168716e-05,-2.160122e-09,2.986549e-13,-4.031373e-13,5.409718e-17,0.000000e+00,0.000000e+00,-6.870724e+00,0.000000e+00,0.000000e+00,6.711901e-06
0,2.605000e-01,5.459283e-06,-7.691082e-07,-4.187132e-07,-6.353000e-05,3.285264e-05,2.023918e-05,-6.003631e-13,2.992110e-13,1.907720e-13,0.000000e+00,0.000000e+00,4.038152e+00,0.000000e+00,0.000000e+00,6.885573e-06
0,2.610000e-01,5.486033e-06,-8.035527e-07,-4.252876e-07,5.350044e-05,-6.888899e-05,-1.314885e-05,5.028876e-13,-6.598155e-13,-1.239617e-13,0.000000e+00,0.000000e+00,-1.122225e+01,0.000000e+00,0.000000e+00,6.803017e-06
0,2.615000e-01,5.479207e-06,-8.002480e-07,-4.360557e-07,-1.365231e-05,6.609297e-06,-2.153615e-05,-1.302810e-13,5.187948e-14,-2.029826e-13,0.000000e+00,0.000000e+00,6.196462e-01,0.000000e+00,0.000000e+00,6.882617e-06
0,2.620000e-01,5.454052e-06,-7.791997e-07,-3.818160e-07,-5.030938e-05,4.209671e-05,1.084794e-04,-4.757279e-13,3.862959e-13,1.022538e-12,0.000000e+00,0.000000e+00,6.006294e+00,0.000000e+00,0.000000e+00,6.873639e-06
0,2.625000e-01,5.445933e-06,-7.690516e-07,-3.857436e-07,-1.623935e-05,2.029609e-05,-7.855250e-06,-1.545279e-13,1.806715e-13,-7.416190e-14,0.000000e+00,0.000000e+00,3.023970e+00,0.000000e+00,0.000000e+00,6.898319e-06
0,2.630000e-01,5.469115e-06,-7.265400e-07,-3.828547e-07,4.636421e-05,8.502333e-05,5.777894e-06,4.355670e-13,7.909577e-13,5.447036e-14,0.000000e+00,0.000000e+00,1.628238e+01,0.000000e+00,0.000000e+00,6.786695e-06
0,2.635000e-01,5.446534e-06,-7.421085e-07,-3.894076e-07,-4.516124e-05,-3.113717e-05,-1.310579e-05,-4.270878e-13,-3.037701e-13,-1.235399e-13,0.000000e+00,0.000000e+00,-6.869984e+00,0.000000e+00,0.000000e+00,6.632038e-06
0,2.640000e-01,5.456832e-06,-7.452299e-07,-4.015539e-07,2.059458e-05,-6.242630e-06,-2.429270e-05,1.927850e-13,-6.898471e-14,-2.289656e-13,0.000000e+00,0.000000e+00,-8.176881e-01,0.000000e+00,0.000000e+00,6.607632e-06
0,2.645000e-01,5.431656e-06,-7.297790e-07,-3.902635e-07,-5.035057e-05,3.090165e-05,2.258078e-05,-4.760476e-13,2.808358e-13,2.128704e-13,0.000000e+00,0.000000e+00,4.119098e+00,0.000000e+00,0.000000e+00,6.795972e-06
0,2.650000e-01,5.423338e-06,-7.268485e-07,-4.109634e-07,-1.663702e-05,5.860962e-06,-4.139969e-05,-1.578926e-13,4.680440e-14,-3.902532e-13,0.000000e+00,0.000000e+00,4.914786e-01,0.000000e+00,0.000000e+00,5.440620e-06
0,2.655000e-01,5.429715e-06,-7.417950e-07,-3.913534e-07,1.275407e-05,-2.989300e-05,3.921990e-05,1.191099e-13,-2.901809e-13,3.697275e-13,0.000000e+00,0.000000e+00,-5.269492e+00,0.000000e+00,0.000000e+00,5.432049e-06
0,2.660000e-01,5.416400e-06,-7.087615e-07,-4.083105e-07,-2.662970e-05,6.606708e-05,-3.391419e-05,-2.521704e-13,6.143693e-13,-3.197141e-13,0.000000e+00,0.000000e+00,1.112279e+01,0.000000e+00,0.000000e+00,5.440312e-06
0,2.665000e-01,5.437776e-06,-7.300087e-07,-3.811919e-07,4.275281e-05,-4.249442e-05,5.423729e-05,4.019116e-13,-4.090298e-13,5.112713e-13,0.000000e+00,0.000000e+00,-6.862682e+00,0.000000e+00,0.000000e+00,5.422864e-06
0,2.670000e-01,5.415404e-06,-7.574323e-07,-3.946987e-07,-4.474440e-05,-5.484726e-05,-2.701362e-05,-4.229474e-13,-5.254670e-13,-2.546867e-13,0.000000e+00,0.000000e+00,-1.115929e+01,0.000000e+00,0.000000e+00,5.526743e-06
0,2.675000e-01,5.429982e-06,-7.148714e-07,-3.930511e-07,2.915594e-05,8.512195e-05,3.295188e-06,2.737385e-13,7.943230e-13,3.108975e-14,0.000000e+00,0.000000e+00,1.599705e+01,0.000000e+00,0.000000e+00,5.225737e-06
0,2.680000e-01,5.434341e-06,-7.082667e-07,-3.710473e-07,8.718631e-06,1.320942e-05,4.400756e-05,8.104159e-14,1.160075e-13,4.148062e-13,0.000000e+00,0.000000e+00,2.434721e+00,0.000000e+00,0.000000e+00,5.437022e-06
0,2.685000e-01,5.444079e-06,-7.182770e-07,-3.796474e-07,1.947483e-05,-2.002066e-05,-1.720015e-05,1.824455e-13,-1.972612e-13,-1.621749e-13,0.000000e+00,0.000000e+00,-3.329914e+00,0.000000e+00,0.000000e+00,5.520441e-06
0,2.690000e-01,5.427696e-06,-7.320133e-07,-3.460954e-07,-3.276526e-05,-2.747269e-05,6.710405e-05,-3.102259e-13,-2.692642e-13,6.325335e-13,0.000000e+00,0.000000e+00,-5.941827e+00,0.000000e+00,0.000000e+00,6.697939e-06
0,2.695000e-01,5.417317e-06,-7.522123e-07,-3.399652e-07,-2.075754e-05,-4.039787e-05,1.226041e-05,-1.967723e-13,-3.892845e-13,1.154913e-13,0.000000e+00,0.000000e+00,-7.983234e+00,0.000000e+00,0.000000e+00,5.516949e-06
0,2.700000e-01,5.411511e-06,-7.565941e-07,-3.023139e-07,-1.161335e-05,-8.763583e-06,7.530251e-05,-1.105975e-13,-9.087364e-14,7.097787e-13,0.000000e+00,0.000000e+00,-2.041945e+00,0.000000e+00,0.000000e+00,5.372949e-06
0,2.705000e-01,5.404849e-06,-7.526742e-07,-3.159530e-07,-1.332352e-05,7.839620e-06,-2.727829e-05,-1.267353e-13,6.559247e-14,-2.572046e-13,0.000000e+00,0.000000e+00,9.203278e-01,0.000000e+00,0.000000e+00,5.367893e-06
0,2.710000e-01,5.420709e-06,-6.998724e-07,-2.674117e-07,3.171973e-05,1.056036e-04,9.708258e-05,2.978433e-13,9.870854e-13,9.151185e-13,0.000000e+00,0.000000e+00,1.980553e+01,0.000000e+00,0.000000e+00,5.360880e-06
0,2.715000e-01,5.429136e-06,-6.976706e-07,-2.901253e-07,1.685440e-05,4.403560e-06,-4.542703e-05,1.576652e-13,3.234923e-14,-4.282963e-13,0.000000e+00,0.000000e+00,1.016930e+00,0.000000e+00,0.000000e+00,5.832449e-06
0,2.720000e-01,5.390851e-06,-7.189979e-07,-2.685871e-07,-7.656927e-05,-4.265458e-05,4.307640e-05,-7.229131e-13,-4.111046e-13,4.060828e-13,0.000000e+00,0.000000e+00,-9.688594e+00,0.000000e+00,0.000000e+00,5.841068e-06
0,2.725000e-01,5.388084e-06,-7.524321e-07,-2.562965e-07,-5.535882e-06,-6.686830e-05,2.458109e-05,-5.410660e-14,-6.453177e-13,2.316510e-13,0.000000e+00,0.000000e+00,-1.261843e+01,0.000000e+00,0.000000e+00,9.679551e-06
0,2.730000e-01,5.383148e-06,-7.928658e-07,-2.494515e-07,-9.871267e-06,-8.086735e-05,1.368997e-05,-9.509135e-14,-7.768669e-13,1.290129e-13,0.000000e+00,0.000000e+00,-1.526175e+01,0.000000e+00,0.000000e+00,9.448116e-06
0,2.735000e-01,5.386331e-06,-7.886505e-07,-2.363266e-07,6.366992e-06,8.430515e-06,2.624985e-05,5.787901e-14,6.498146e-14,2.474128e-13,0.000000e+00,0.000000e+00,1.416154e+00,0.000000e+00,0.000000e+00,9.381025e-06
0,2.740000e-01,5.390663e-06,-7.874801e-07,-2.492480e-07,8.662394e-06,2.340787e-06,-2.584286e-05,7.950974e-14,7.480377e-15,-2.436205e-13,0.000000e+00,0.000000e+00,3.689259e-01,0.000000e+00,0.000000e+00,9.385400e-06
0,2.745000e-01,5.340676e-06,-8.001484e-07,-2.555361e-07,-9.997236e-05,-2.533658e-05,-1.257622e-05,-9.444660e-13,-2.533972e-13,-1.185135e-13,0.000000e+00,0.000000e+00,-7.541285e+00,0.000000e+00,0.000000e+00,9.392496e-06
0,2.750000e-01,5.306389e-06,-7.601473e-07,-2.352720e-07,-6.857521e-05,8.000213e-05,4.052831e-05,-6.489758e-13,7.360689e-13,3.820287e-13,0.000000e+00,0.000000e+00,1.241087e+01,0.000000e+00,0.000000e+00,1.153662e-05
0,2.755000e-01,5.315757e-06,-7.872771e-07,-2.316769e-07,1.873618e-05,-5.425956e-05,7.190279e-06,1.749724e-13,-5.234547e-13,6.773013e-14,0.000000e+00,0.000000e+00,-9.762453e+00,0.000000e+00,0.000000e+00,7.557888e-06
0,2.760000e-01,5.298385e-06,-7.869456e-07,-2.375426e-07,-3.474360e-05,6.630556e-07,-1.173145e-05,-3.293396e-13,-6.047094e-15,-1.105871e-13,0.000000e+00,0.000000e+00,-1.071771e+00,0.000000e+00,0.000000e+00,7.857527e-06
0,2.765000e-01,5.280148e-06,-7.780969e-07,-2.285767e-07,-3.647341e-05,1.769733e-05,1.793174e-05,-3.455908e-13,1.544565e-13,1.690353e-13,0.000000e+00,0.000000e+00,2.020281e+00,0.000000e+00,0.000000e+00,7.832329e-06
0,2.770000e-01,5.272231e-06,-7.563241e-07,-1.917782e-07,-1.583480e-05,4.354574e-05,7.359696e-05,-1.509726e-13,3.985220e-13,6.936962e-13,0.000000e+00,0.000000e+00,7.399837e+00,0.000000e+00,0.000000e+00,7.524915e-06
0,2.775000e-01,5.260776e-06,-7.320778e-07,-1.995415e-07,-2.290916e-05,4.849255e-05,-1.552654e-05,-2.182520e-13,4.407913e-13,-1.464322e-13,0.000000e+00,0.000000e+00,8.074584e+00,0.000000e+00,0.000000e+00,1.023300e-05
0,2.780000e-01,5.259063e-06,-7.120117e-07,-1.804105e-07,-3.427638e-06,4.013212e-05,3.826208e-05,-3.467371e-14,3.610495e-13,3.606708e-13,0.000000e+00,0.000000e+00,7.048279e+00,0.000000e+00,0.000000e+00,1.078391e-05
0,2.785000e-01,5.261154e-06,-7.223166e-07,-2.013658e-07,4.183748e-06,-2.060980e-05,-4.191070e-05,3.709731e-14,-2.116077e-13,-3.950872e-13,0.000000e+00,0.000000e+00,-4.091559e+00,0.000000e+00,0.000000e+00,1.084504e-05
0,2.790000e-01,5.279533e-06,-7.345272e-07,-1.850807e-07,3.675754e-05,-2.442115e-05,3.257022e-05,3.441085e-13,-2.473501e-13,3.070490e-13,0.000000e+00,0.000000e+00,-3.960924e+00,0.000000e+00,0.000000e+00,1.078196e-05
0,2.795000e-01,5.275187e-06,-7.566782e-07,-1.556530e-07,-8.692022e-06,-4.430203e-05,5.885539e-05,-8.365054e-14,-4.296353e-13,5.547278e-13,0.000000e+00,0.000000e+00,-8.699319e+00,0.000000e+00,0.000000e+00,7.608334e-06
0,2.800000e-01,5.271800e-06,-7.583062e-07,-1.570256e-07,-6.775028e-06,-3.256022e-06,-2.745264e-06,-6.619650e-14,-4.699363e-14,-2.594124e-14,0.000000e+00,0.000000e+00,-1.114149e+00,0.000000e+00,0.000000e+00,1.030535e-05
0,2.805000e-01,5.271246e-06,-7.705244e-07,-1.497758e-07,-1.107545e-06,-2.443643e-05,1.449965e-05,-1.278402e-14,-2.466817e-13,1.366749e-13,0.000000e+00,0.000000e+00,-4.899995e+00,0.000000e+00,0.000000e+00,1.029931e-05
0,2.810000e-01,5.255160e-06,-7.345039e-07,-1.660967e-07,-3.217169e-05,7.204102e-05,-3.264183e-05,-3.056344e-13,6.627316e-13,-3.076938e-13,0.000000e+00,0.000000e+00,1.217844e+01,0.000000e+00,0.000000e+00,1.030164e-05
0,2.815000e-01,5.255424e-06,-7.412817e-07,-1.767945e-07,5.286647e-07,-1.355551e-05,-2.139561e-05,2.602209e-15,-1.451397e-13,-2.016365e-13,0.000000e+00,0.000000e+00,-2.865258e+00,0.000000e+00,0.000000e+00,1.084340e-05
0,2.820000e-01,5.219034e-06,-7.544050e-07,-1.430421e-07,-7.277986e-05,-2.624662e-05,6.750480e-05,-6.884527e-13,-2.646674e-13,6.363155e-13,0.000000e+00,0.000000e+00,-7.160941e+00,0.000000e+00,0.000000e+00,1.084586e-05
0,2.825000e-01,5.230358e-06,-7.954948e-07,-1.402117e-07,2.264668e-05,-8.217972e-05,5.660914e-06,2.100451e-13,-7.987988e-13,5.328485e-14,0.000000e+00,0.000000e+00,-1.530165e+01,0.000000e+00,0.000000e+00,1.510258e-05
0,2.830000e-01,5.245834e-06,-7.567941e-07,-1.817298e-07,3.095289e-05,7.740141e-05,-8.303629e-05,2.880320e-13,7.053307e-13,-7.826961e-13,0.000000e+00,0.000000e+00,1.485001e+01,0.000000e+00,0.000000e+00,1.524595e-05
0,2.835000e-01,5.263840e-06,-7.431715e-07,-1.885287e-07,3.601154e-05,2.724524e-05,-1.359778e-05,3.370630e-13,2.404819e-13,-1.280797e-13,0.000000e+00,0.000000e+00,5.729461e+00,0.000000e+00,0.000000e+00,1.018293e-05
0,2.840000e-01,5.282699e-06,-7.312633e-07,-1.949350e-07,3.771844e-05,2.381646e-05,-1.281262e-05,3.531955e-13,2.082104e-13,-1.207552e-13,0.000000e+00,0.000000e+00,5.100485e+00,0.000000e+00,0.000000e+00,1.021348e-05
0,2.845000e-01,5.293043e-06,-7.432051e-07,-2.152198e-07,2.068781e-05,-2.388363e-05,-4.056964e-05,1.932874e-13,-2.372282e-13,-3.823903e-13,0.000000e+00,0.000000e+00,-4.146752e+00,0.000000e+00,0.000000e+00,7.612170e-06
0,2.850000e-01,5.277936e-06,-7.562291e-07,-2.111491e-07,-3.021445e-05,-2.604801e-05,8.141502e-06,-2.865088e-13,-2.575233e-13,7.678541e-14,0.000000e+00,0.000000e+00,-5.853058e+00,0.000000e+00,0.000000e+00,7.597252e-06
0,2.855000e-01,5.331886e-06,-7.718750e-07,-2.232921e-07,1.079005e-04,-3.129182e-05,-2.428614e-05,1.015368e-12,-3.069434e-13,-2.289271e-13,0.000000e+00,0.000000e+00,-3.180856e+00,0.000000e+00,0.000000e+00,7.578591e-06
0,2.860000e-01,5.303250e-06,-7.641422e-07,-2.109405e-07,-5.727318e-05,1.546570e-05,2.470334e-05,-5.424933e-13,1.283725e-13,2.328774e-13,0.000000e+00,0.000000e+00,9.709583e-01,0.000000e+00,0.000000e+00,1.111262e-05
0,2.865000e-01,5.284352e-06,-7.243644e-07,-2.469362e-07,-3.779483e-05,7.955550e-05,-7.199139e-05,-3.579181e-13,7.378451e-13,-6.786092e-13,0.000000e+00,0.000000e+00,1.344973e+01,0.000000e+00,0.000000e+00,7.615806e-06
0,2.870000e-01,5.273657e-06,-7.335009e-07,-2.151270e-07,-2.139034e-05,-1.827304e-05,6.361835e-05,-2.032237e-13,-1.843094e-13,5.997379e-13,0.000000e+00,0.000000e+00,-4.179378e+00,0.000000e+00,0.000000e+00,7.551687e-06
0,2.875000e-01,5.249979e-06,-7.351315e-07,-1.978594e-07,-4.735540e-05,-3.261016e-06,3.453528e-05,-4.487319e-13,-4.789596e-14,3.254553e-13,0.000000e+00,0.000000e+00,-2.177450e+00,0.000000e+00,0.000000e+00,1.081021e-05
0,2.880000e-01,5.226864e-06,-7.112351e-07,-2.111517e-07,-4.623012e-05,4.779265e-05,-2.658467e-05,-4.381124e-13,4.333158e-13,-2.506218e-13,0.000000e+00,0.000000e+00,7.371938e+00,0.000000e+00,0.000000e+00,1.076306e-05
0,2.885000e-01,5.211230e-06,-7.192150e-07,-2.150772e-07,-3.126907e-05,-1.595974e-05,-7.851057e-06,-2.979775e-13,-1.746651e-13,-7.397387e-14,0.000000e+00,0.000000e+00,-4.287885e+00,0.000000e+00,0.000000e+00,1.506896e-05
0,2.890000e-01,5.175410e-06,-7.222901e-07,-2.050278e-07,-7.163939e-05,-6.150288e-06,2.009882e-05,-6.785657e-13,-8.212552e-14,1.894577e-13,0.000000e+00,0.000000e+00,-3.512032e+00,0.000000e+00,0.000000e+00,1.502781e-05
0,2.895000e-01,5.193374e-06,-6.945530e-07,-2.063287e-07,3.592726e-05,5.547427e-05,-2.601798e-06,3.362950e-13,5.054904e-13,-2.454633e-14,0.000000e+00,0.000000e+00,1.110746e+01,0.000000e+00,0.000000e+00,1.075486e-05
0,2.900000e-01,5.182991e-06,-6.946401e-07,-1.935858e-07,-2.076534e-05,-1.741035e-07,2.548578e-05,-1.980780e-13,-1.895178e-14,2.402287e-13,0.000000e+00,0.000000e+00,-9.106611e-01,0.000000e+00,0.000000e+00,1.067592e-05
0,2.905000e-01,5.210830e-06,-7.031148e-07,-1.993961e-07,5.567875e-05,-1.694939e-05,-1.162052e-05,5.225322e-13,-1.770115e-13,-1.095616e-13,0.000000e+00,0.000000e+00,-2.151210e+00,0.000000e+00,0.000000e+00,1.065498e-05
0,2.910000e-01,5.251032e-06,-7.152324e-07,-1.755418e-07,8.040349e-05,-2.423538e-05,4.770856e-05,7.545494e-13,-2.526022e-13,4.497078e-13,0.000000e+00,0.000000e+00,-3.015316e+00,0.000000e+00,0.000000e+00,1.502046e-05
0,2.915000e-01,5.282957e-06,-7.433476e-07,-1.818013e-07,6.385066e-05,-5.623031e-05,-1.251890e-05,5.994043e-13,-5.472894e-13,-1.180541e-13,0.000000e+00,0.000000e+00,-9.236754e+00,0.000000e+00,0.000000e+00,1.082966e-05
0,2.920000e-01,5.293582e-06,-7.288043e-07,-1.631797e-07,2.124833e-05,2.908659e-05,3.724310e-05,1.985222e-13,2.622048e-13,3.510627e-13,0.000000e+00,0.000000e+00,5.712339e+00,0.000000e+00,0.000000e+00,7.583084e-06
0,2.925000e-01,5.303329e-06,-7.139259e-07,-1.501051e-07,1.949475e-05,2.975678e-05,2.614928e-05,1.820580e-13,2.682939e-13,2.464389e-13,0.000000e+00,0.000000e+00,5.770657e+00,0.000000e+00,0.000000e+00,7.676708e-06
0,2.930000e-01,5.300391e-06,-6.878148e-07,-1.628425e-07,-5.876914e-06,5.222226e-05,-2.547489e-05,-5.705386e-14,4.800450e-13,-2.401520e-13,0.000000e+00,0.000000e+00,9.281960e+00,0.000000e+00,0.000000e+00,7.687700e-06
0,2.935000e-01,5.281997e-06,-6.696692e-07,-1.661531e-07,-3.678638e-05,3.629127e-05,-6.621132e-06,-3.483268e-13,3.297720e-13,-6.238197e-14,0.000000e+00,0.000000e+00,5.602663e+00,0.000000e+00,0.000000e+00,7.727331e-06
0,2.940000e-01,5.307382e-06,-6.853185e-07,-1.522381e-07,5.076920e-05,-3.129868e-05,2.782990e-05,4.770313e-13,-3.073095e-13,2.623285e-13,0.000000e+00,0.000000e+00,-4.878555e+00,0.000000e+00,0.000000e+00,7.697617e-06
0,2.945000e-01,5.306914e-06,-6.919946e-07,-1.515077e-07,-9.367017e-07,-1.335219e-05,1.460796e-06,-1.046670e-14,-1.380705e-13,1.373869e-14,0.000000e+00,0.000000e+00,-2.741780e+00,0.000000e+00,0.000000e+00,7.736892e-06
0,2.950000e-01,5.306250e-06,-6.967546e-07,-1.445449e-07,-1.327719e-06,-9.520082e-06,1.392562e-05,-1.411081e-14,-1.019673e-13,1.312596e-13,0.000000e+00,0.000000e+00,-2.040816e+00,0.000000e+00,0.000000e+00,7.737463e-06
0,2.955000e-01,5.279000e-06,-6.683774e-07,-1.753661e-07,-5.450034e-05,5.675438e-05,-6.164243e-05,-5.153200e-13,5.227249e-13,-5.810493e-13,0.000000e+00,0.000000e+00,8.943838e+00,0.000000e+00,0.000000e+00,7.737404e-06
0,2.960000e-01,5.285700e-06,-6.786991e-07,-1.683624e-07,1.340140e-05,-2.064331e-05,1.400753e-05,1.248286e-13,-2.068959e-13,1.321011e-13,0.000000e+00,0.000000e+00,-3.778647e+00,0.000000e+00,0.000000e+00,7.693083e-06
0,2.965000e-01,5.304894e-06,-6.451870e-07,-1.852483e-07,3.838807e-05,6.702423e-05,-3.377187e-05,3.602537e-13,6.195353e-13,-3.183449e-13,0.000000e+00,0.000000e+00,1.314617e+01,0.000000e+00,0.000000e+00,7.704580e-06
0,2.970000e-01,5.302336e-06,-6.758270e-07,-1.720711e-07,-5.116871e-06,-6.128009e-05,2.635432e-05,-4.971569e-14,-5.895528e-13,2.484497e-13,0.000000e+00,0.000000e+00,-1.173603e+01,0.000000e+00,0.000000e+00,7.474285e-06
0,2.975000e-01,5.305258e-06,-6.675926e-07,-1.740852e-07,5.843517e-06,1.646882e-05,-4.028153e-06,5.352437e-14,1.430491e-13,-3.799786e-14,0.000000e+00,0.000000e+00,2.949397e+00,0.000000e+00,0.000000e+00,7.727910e-06
0,2.980000e-01,5.311749e-06,-6.811440e-07,-1.844954e-07,1.298353e-05,-2.710270e-05,-2.082031e-05,1.208328e-13,-2.677387e-13,-1.962453e-13,0.000000e+00,0.000000e+00,-4.970903e+00,0.000000e+00,0.000000e+00,7.730605e-06
0,2.985000e-01,5.315678e-06,-6.467157e-07,-1.709832e-07,7.856622e-06,6.885658e-05,2.702437e-05,7.248054e-14,6.368924e-13,2.547513e-13,0.000000e+00,0.000000e+00,1.269687e+01,0.000000e+00,0.000000e+00,7.692328e-06
0,2.990000e-01,5.327127e-06,-6.515190e-07,-1.876368e-07,2.289863e-05,-9.606580e-06,-3.330720e-05,2.143787e-13,-1.025639e-13,-3.139793e-13,0.000000e+00,0.000000e+00,-1.502667e+00,0.000000e+00,0.000000e+00,7.538251e-06
0,2.995000e-01,5.338622e-06,-6.712454e-07,-1.769682e-07,2.298912e-05,-3.945283e-05,2.133715e-05,2.147135e-13,-3.878432e-13,2.011579e-13,0.000000e+00,0.000000e+00,-7.095034e+00,0.000000e+00,0.000000e+00,1.011152e-05
